bet_id,player_id,accept_time,create_time,settlement_time,result,amount,payout,profit,bet_type,bet_size,accepted_bet_odd,item_result,event_stage,accepted_odd,item_amount,item_payout,item_profit,event_id,is_free_bet,settlement_status
78e9a2dc-da0a-4b34-bd00-21b579ad47db,fca7d364-f614-460e-8ffd-77b299cd3f69,2022-03-14 08:41:22.344,2022-03-14 08:41:22.094,2022-03-14 20:15:55.247,Lose,8.0,0.0,8.0,Express,17,37.6546,Lose,Prematch,1.32,0.6,0.0,2.66,18349e72-ad1a-46ab-88fc-51f2c961d64d,False,Settled
78e9a2dc-da0a-4b34-bd00-21b579ad47db,fca7d364-f614-460e-8ffd-77b299cd3f69,2022-03-14 08:41:22.344,2022-03-14 08:41:22.094,2022-03-14 20:15:55.247,Lose,8.0,0.0,8.0,Express,17,37.6546,Win,Prematch,1.22,0.42,0.0,0.0,18349e72-ad1a-46ab-88fc-51f2c961d64d,False,Settled
78e9a2dc-da0a-4b34-bd00-21b579ad47db,fca7d364-f614-460e-8ffd-77b299cd3f69,2022-03-14 08:41:22.344,2022-03-14 08:41:22.094,2022-03-14 20:15:55.247,Lose,8.0,0.0,8.0,Express,17,37.6546,Win,Prematch,1.27,0.51,0.0,0.0,aa3a465f-a1da-4072-988e-4b4c8bc3241d,False,Settled
78e9a2dc-da0a-4b34-bd00-21b579ad47db,fca7d364-f614-460e-8ffd-77b299cd3f69,2022-03-14 08:41:22.344,2022-03-14 08:41:22.094,2022-03-14 20:15:55.247,Lose,8.0,0.0,8.0,Express,17,37.6546,Lose,Prematch,1.11,0.21,0.0,2.67,aa3a465f-a1da-4072-988e-4b4c8bc3241d,False,Settled
78e9a2dc-da0a-4b34-bd00-21b579ad47db,fca7d364-f614-460e-8ffd-77b299cd3f69,2022-03-14 08:41:22.344,2022-03-14 08:41:22.094,2022-03-14 20:15:55.247,Lose,8.0,0.0,8.0,Express,17,37.6546,Win,Prematch,1.33,0.63,0.0,0.0,aa3a465f-a1da-4072-988e-4b4c8bc3241d,False,Settled
fbe0a136-6b4c-43a5-8441-76a8d93d7e6b,35ceb8c3-932f-47f9-8b53-c7b0aacefc9b,2022-03-14 10:20:40.784,2022-03-14 10:20:38.074,2022-03-14 14:54:12.257,Lose,1.0,0.0,1.0,Express,37,30.2836,Lose,Prematch,1.38,0.1,0.0,0.17,64ae35f5-a916-4f74-bdd4-14cc8217ad19,False,Settled
fbe0a136-6b4c-43a5-8441-76a8d93d7e6b,35ceb8c3-932f-47f9-8b53-c7b0aacefc9b,2022-03-14 10:20:40.784,2022-03-14 10:20:38.074,2022-03-14 14:54:12.257,Lose,1.0,0.0,1.0,Express,37,30.2836,Return,Prematch,1.02,0.01,0.0,0.0,aa3a465f-a1da-4072-988e-4b4c8bc3241d,False,Settled
fbe0a136-6b4c-43a5-8441-76a8d93d7e6b,35ceb8c3-932f-47f9-8b53-c7b0aacefc9b,2022-03-14 10:20:40.784,2022-03-14 10:20:38.074,2022-03-14 14:54:12.257,Lose,1.0,0.0,1.0,Express,37,30.2836,Lose,Prematch,1.37,0.1,0.0,0.15,85641ada-4865-4238-915d-d570d51bd3f3,False,Settled
fbe0a136-6b4c-43a5-8441-76a8d93d7e6b,35ceb8c3-932f-47f9-8b53-c7b0aacefc9b,2022-03-14 10:20:40.784,2022-03-14 10:20:38.074,2022-03-14 14:54:12.257,Lose,1.0,0.0,1.0,Express,37,30.2836,Win,Prematch,1.04,0.01,0.0,0.0,64ae35f5-a916-4f74-bdd4-14cc8217ad19,False,Settled
fbe0a136-6b4c-43a5-8441-76a8d93d7e6b,35ceb8c3-932f-47f9-8b53-c7b0aacefc9b,2022-03-14 10:20:40.784,2022-03-14 10:20:38.074,2022-03-14 14:54:12.257,Lose,1.0,0.0,1.0,Express,37,30.2836,Win,Prematch,1.01,0.0,0.0,0.0,aa3a465f-a1da-4072-988e-4b4c8bc3241d,False,Settled
fbe0a136-6b4c-43a5-8441-76a8d93d7e6b,35ceb8c3-932f-47f9-8b53-c7b0aacefc9b,2022-03-14 10:20:40.784,2022-03-14 10:20:38.074,2022-03-14 14:54:12.257,Lose,1.0,0.0,1.0,Express,37,30.2836,Win,Prematch,1.45,0.12,0.0,0.0,85641ada-4865-4238-915d-d570d51bd3f3,False,Settled
fbe0a136-6b4c-43a5-8441-76a8d93d7e6b,35ceb8c3-932f-47f9-8b53-c7b0aacefc9b,2022-03-14 10:20:40.784,2022-03-14 10:20:38.074,2022-03-14 14:54:12.257,Lose,1.0,0.0,1.0,Express,37,30.2836,Win,Prematch,1.01,0.0,0.0,0.0,18349e72-ad1a-46ab-88fc-51f2c961d64d,False,Settled
fbe0a136-6b4c-43a5-8441-76a8d93d7e6b,35ceb8c3-932f-47f9-8b53-c7b0aacefc9b,2022-03-14 10:20:40.784,2022-03-14 10:20:38.074,2022-03-14 14:54:12.257,Lose,1.0,0.0,1.0,Express,37,30.2836,Lose,Prematch,1.03,0.01,0.0,0.17,18349e72-ad1a-46ab-88fc-51f2c961d64d,False,Settled
fbe0a136-6b4c-43a5-8441-76a8d93d7e6b,35ceb8c3-932f-47f9-8b53-c7b0aacefc9b,2022-03-14 10:20:40.784,2022-03-14 10:20:38.074,2022-03-14 14:54:12.257,Lose,1.0,0.0,1.0,Express,37,30.2836,Win,Prematch,1.05,0.01,0.0,0.0,dce403ab-d027-48a3-939d-54b981426f52,False,Settled
fbe0a136-6b4c-43a5-8441-76a8d93d7e6b,35ceb8c3-932f-47f9-8b53-c7b0aacefc9b,2022-03-14 10:20:40.784,2022-03-14 10:20:38.074,2022-03-14 14:54:12.257,Lose,1.0,0.0,1.0,Express,37,30.2836,Return,Prematch,1.32,0.08,0.0,0.0,dce403ab-d027-48a3-939d-54b981426f52,False,Settled
fbe0a136-6b4c-43a5-8441-76a8d93d7e6b,35ceb8c3-932f-47f9-8b53-c7b0aacefc9b,2022-03-14 10:20:40.784,2022-03-14 10:20:38.074,2022-03-14 14:54:12.257,Lose,1.0,0.0,1.0,Express,37,30.2836,Return,Prematch,1.03,0.01,0.0,0.0,fb2d3c3f-aa97-4538-92fd-c6a317db833f,False,Settled
fbe0a136-6b4c-43a5-8441-76a8d93d7e6b,35ceb8c3-932f-47f9-8b53-c7b0aacefc9b,2022-03-14 10:20:40.784,2022-03-14 10:20:38.074,2022-03-14 14:54:12.257,Lose,1.0,0.0,1.0,Express,37,30.2836,Win,Prematch,1.44,0.11,0.0,0.0,fb2d3c3f-aa97-4538-92fd-c6a317db833f,False,Settled
8666432b-d09a-4428-b9c3-e57587bf3210,f6b218ec-f296-401b-a571-2a80d6f7d355,2022-03-14 10:55:31.783,2022-03-14 10:55:31.600,2022-03-14 21:38:11.829,Lose,5.0,0.0,5.0,Express,7,67.7656,Return,Prematch,1.6,0.51,0.0,0.0,81dea250-1694-43da-a980-1837f0cfa64f,False,Settled
8666432b-d09a-4428-b9c3-e57587bf3210,f6b218ec-f296-401b-a571-2a80d6f7d355,2022-03-14 10:55:31.783,2022-03-14 10:55:31.600,2022-03-14 21:38:11.829,Lose,5.0,0.0,5.0,Express,7,67.7656,Win,Prematch,1.35,0.29,0.0,0.0,81dea250-1694-43da-a980-1837f0cfa64f,False,Settled
d82e459d-d288-477e-882c-f6ab3d1968e2,299ca374-f3ac-4df4-bc24-7c353eb5823e,2022-03-14 13:53:44.726,2022-03-14 13:53:44.519,2022-03-14 19:52:00.310,Lose,2.3,0.0,2.3,Express,15,32.1028,Win,Prematch,1.09,0.05,0.0,0.0,18349e72-ad1a-46ab-88fc-51f2c961d64d,False,Settled
d82e459d-d288-477e-882c-f6ab3d1968e2,299ca374-f3ac-4df4-bc24-7c353eb5823e,2022-03-14 13:53:44.726,2022-03-14 13:53:44.519,2022-03-14 19:52:00.310,Lose,2.3,0.0,2.3,Express,15,32.1028,Lose,Prematch,1.33,0.18,0.0,0.76,18349e72-ad1a-46ab-88fc-51f2c961d64d,False,Settled
829a36b3-57a2-4fd3-9de0-dfaeb4a3b585,35ceb8c3-932f-47f9-8b53-c7b0aacefc9b,2022-03-14 14:03:31.143,2022-03-14 14:03:30.899,2022-03-14 19:37:33.278,Lose,1.0,0.0,1.0,Express,14,39.1996,Win,Prematch,1.35,0.08,0.0,0.0,170ef315-0dcb-47e0-96ff-ec3e9f430bd4,False,Settled
829a36b3-57a2-4fd3-9de0-dfaeb4a3b585,35ceb8c3-932f-47f9-8b53-c7b0aacefc9b,2022-03-14 14:03:31.143,2022-03-14 14:03:30.899,2022-03-14 19:37:33.278,Lose,1.0,0.0,1.0,Express,14,39.1996,Win,Prematch,1.36,0.08,0.0,0.0,fb2d3c3f-aa97-4538-92fd-c6a317db833f,False,Settled
829a36b3-57a2-4fd3-9de0-dfaeb4a3b585,35ceb8c3-932f-47f9-8b53-c7b0aacefc9b,2022-03-14 14:03:31.143,2022-03-14 14:03:30.899,2022-03-14 19:37:33.278,Lose,1.0,0.0,1.0,Express,14,39.1996,Lose,Prematch,1.23,0.05,0.0,0.25,fb2d3c3f-aa97-4538-92fd-c6a317db833f,False,Settled
829a36b3-57a2-4fd3-9de0-dfaeb4a3b585,35ceb8c3-932f-47f9-8b53-c7b0aacefc9b,2022-03-14 14:03:31.143,2022-03-14 14:03:30.899,2022-03-14 19:37:33.278,Lose,1.0,0.0,1.0,Express,14,39.1996,Lose,Prematch,1.11,0.03,0.0,0.25,170ef315-0dcb-47e0-96ff-ec3e9f430bd4,False,Settled
78c956ce-3e28-43b0-9e79-2c3cf235553c,4a40165f-495f-4286-a13f-14c338067075,2022-03-14 14:03:41.104,2022-03-14 14:03:40.974,2022-03-14 21:54:22.086,Win,1.0,3.06,-2.06,Express,4,4.1371,Win,Prematch,1.49,0.28,1.09,-0.74,148afd99-f89e-4eb5-835f-1d818b35de46,False,Settled
78c956ce-3e28-43b0-9e79-2c3cf235553c,4a40165f-495f-4286-a13f-14c338067075,2022-03-14 14:03:41.104,2022-03-14 14:03:40.974,2022-03-14 21:54:22.086,Win,1.0,3.06,-2.06,Express,4,4.1371,Return,Prematch,1.35,0.2,0.0,0.0,148afd99-f89e-4eb5-835f-1d818b35de46,False,Settled
a47e2dac-792c-4cf3-a391-26a1d12b777d,6bbdc7a2-c653-49da-95b3-1fc1e16c29ab,2022-03-14 14:11:21.727,2022-03-14 14:11:21.486,2022-03-14 18:37:52.302,Lose,0.5,0.0,0.5,Express,13,19.6116,Win,Prematch,1.09,0.01,0.0,0.0,18349e72-ad1a-46ab-88fc-51f2c961d64d,False,Settled
a47e2dac-792c-4cf3-a391-26a1d12b777d,6bbdc7a2-c653-49da-95b3-1fc1e16c29ab,2022-03-14 14:11:21.727,2022-03-14 14:11:21.486,2022-03-14 18:37:52.302,Lose,0.5,0.0,0.5,Express,13,19.6116,Lose,Prematch,1.33,0.05,0.0,0.16,18349e72-ad1a-46ab-88fc-51f2c961d64d,False,Settled
e9d1e171-bbae-42b2-902c-e9d5524751e8,af83fdca-2e5d-4f93-8a15-e7f5218875a3,2022-03-14 14:36:26.192,2022-03-14 14:36:26.014,2022-03-14 17:59:22.231,Lose,0.5,0.0,0.5,Express,15,209.5169,Lose,Prematch,1.7,0.05,0.0,0.17,148afd99-f89e-4eb5-835f-1d818b35de46,False,Settled
e9d1e171-bbae-42b2-902c-e9d5524751e8,af83fdca-2e5d-4f93-8a15-e7f5218875a3,2022-03-14 14:36:26.192,2022-03-14 14:36:26.014,2022-03-14 17:59:22.231,Lose,0.5,0.0,0.5,Express,15,209.5169,Win,Prematch,1.44,0.03,0.0,0.0,148afd99-f89e-4eb5-835f-1d818b35de46,False,Settled
dad48e6c-21b4-4bd3-bc79-7ebd402a9b2e,ce4b9c7e-4af8-4f65-a84b-fa9e09b68394,2022-03-14 15:18:31.355,2022-03-14 15:18:31.182,2022-03-14 19:02:52.297,Lose,0.78,0.0,0.78,Express,2,6.4075,Win,Prematch,2.33,0.34,0.0,0.0,f944bcee-2c23-494e-ab2c-28b2ce97764d,False,Settled
dad48e6c-21b4-4bd3-bc79-7ebd402a9b2e,ce4b9c7e-4af8-4f65-a84b-fa9e09b68394,2022-03-14 15:18:31.355,2022-03-14 15:18:31.182,2022-03-14 19:02:52.297,Lose,0.78,0.0,0.78,Express,2,6.4075,Lose,Prematch,2.75,0.44,0.0,0.78,f944bcee-2c23-494e-ab2c-28b2ce97764d,False,Settled
ae1d49a1-bee2-4bf1-b1b6-376c5e63a750,ce4b9c7e-4af8-4f65-a84b-fa9e09b68394,2022-03-14 15:18:44.253,2022-03-14 15:18:44.145,2022-03-14 19:02:52.713,Lose,0.87,0.0,0.87,Express,2,5.7525,Win,Prematch,1.77,0.22,0.0,0.0,f944bcee-2c23-494e-ab2c-28b2ce97764d,False,Settled
ae1d49a1-bee2-4bf1-b1b6-376c5e63a750,ce4b9c7e-4af8-4f65-a84b-fa9e09b68394,2022-03-14 15:18:44.253,2022-03-14 15:18:44.145,2022-03-14 19:02:52.713,Lose,0.87,0.0,0.87,Express,2,5.7525,Lose,Prematch,3.25,0.65,0.0,0.87,f944bcee-2c23-494e-ab2c-28b2ce97764d,False,Settled
89aa9ffb-40bf-49dd-919f-4a7b6f1a9fb1,ce4b9c7e-4af8-4f65-a84b-fa9e09b68394,2022-03-14 15:20:19.996,2022-03-14 15:20:19.875,2022-03-14 18:58:20.761,Lose,0.55,0.0,0.55,Express,2,9.24,Lose,Prematch,7.0,0.52,0.0,0.55,a88e550d-dfa8-448c-9314-1ac8b4f4b361,False,Settled
89aa9ffb-40bf-49dd-919f-4a7b6f1a9fb1,ce4b9c7e-4af8-4f65-a84b-fa9e09b68394,2022-03-14 15:20:19.996,2022-03-14 15:20:19.875,2022-03-14 18:58:20.761,Lose,0.55,0.0,0.55,Express,2,9.24,Win,Prematch,1.32,0.03,0.0,0.0,a88e550d-dfa8-448c-9314-1ac8b4f4b361,False,Settled
07b72332-02e6-47b6-8781-0fa9d271999a,ce4b9c7e-4af8-4f65-a84b-fa9e09b68394,2022-03-14 15:20:41.873,2022-03-14 15:20:41.725,2022-03-14 18:56:33.423,Lose,0.2,0.0,0.2,Express,2,12.6,Lose,Prematch,10.5,0.2,0.0,0.2,a88e550d-dfa8-448c-9314-1ac8b4f4b361,False,Settled
07b72332-02e6-47b6-8781-0fa9d271999a,ce4b9c7e-4af8-4f65-a84b-fa9e09b68394,2022-03-14 15:20:41.873,2022-03-14 15:20:41.725,2022-03-14 18:56:33.423,Lose,0.2,0.0,0.2,Express,2,12.6,Win,Prematch,1.2,0.0,0.0,0.0,a88e550d-dfa8-448c-9314-1ac8b4f4b361,False,Settled
f5d2b5bf-8e88-4c10-a4b8-e3f595792fca,35ceb8c3-932f-47f9-8b53-c7b0aacefc9b,2022-03-14 15:42:15.971,2022-03-14 15:42:10.148,2022-03-14 17:30:44.792,Lose,1.0,0.0,1.0,Express,34,65.5877,Return,Prematch,1.32,0.07,0.0,0.0,dce403ab-d027-48a3-939d-54b981426f52,False,Settled
f5d2b5bf-8e88-4c10-a4b8-e3f595792fca,35ceb8c3-932f-47f9-8b53-c7b0aacefc9b,2022-03-14 15:42:15.971,2022-03-14 15:42:10.148,2022-03-14 17:30:44.792,Lose,1.0,0.0,1.0,Express,34,65.5877,Lose,Prematch,1.06,0.01,0.0,0.2,44157853-2df7-430e-869e-3b92faf41af6,False,Settled
f5d2b5bf-8e88-4c10-a4b8-e3f595792fca,35ceb8c3-932f-47f9-8b53-c7b0aacefc9b,2022-03-14 15:42:15.971,2022-03-14 15:42:10.148,2022-03-14 17:30:44.792,Lose,1.0,0.0,1.0,Express,34,65.5877,Lose,Prematch,1.04,0.01,0.0,0.2,18349e72-ad1a-46ab-88fc-51f2c961d64d,False,Settled
f5d2b5bf-8e88-4c10-a4b8-e3f595792fca,35ceb8c3-932f-47f9-8b53-c7b0aacefc9b,2022-03-14 15:42:15.971,2022-03-14 15:42:10.148,2022-03-14 17:30:44.792,Lose,1.0,0.0,1.0,Express,34,65.5877,Win,Prematch,1.1,0.02,0.0,0.0,dce403ab-d027-48a3-939d-54b981426f52,False,Settled
f5d2b5bf-8e88-4c10-a4b8-e3f595792fca,35ceb8c3-932f-47f9-8b53-c7b0aacefc9b,2022-03-14 15:42:15.971,2022-03-14 15:42:10.148,2022-03-14 17:30:44.792,Lose,1.0,0.0,1.0,Express,34,65.5877,Win,Prematch,1.06,0.01,0.0,0.0,01ed3855-c1de-4127-8826-c3c9d4e26859,False,Settled
f5d2b5bf-8e88-4c10-a4b8-e3f595792fca,35ceb8c3-932f-47f9-8b53-c7b0aacefc9b,2022-03-14 15:42:15.971,2022-03-14 15:42:10.148,2022-03-14 17:30:44.792,Lose,1.0,0.0,1.0,Express,34,65.5877,Win,Prematch,1.44,0.09,0.0,0.0,fb2d3c3f-aa97-4538-92fd-c6a317db833f,False,Settled
f5d2b5bf-8e88-4c10-a4b8-e3f595792fca,35ceb8c3-932f-47f9-8b53-c7b0aacefc9b,2022-03-14 15:42:15.971,2022-03-14 15:42:10.148,2022-03-14 17:30:44.792,Lose,1.0,0.0,1.0,Express,34,65.5877,Win,Prematch,1.09,0.02,0.0,0.0,64ae35f5-a916-4f74-bdd4-14cc8217ad19,False,Settled
f5d2b5bf-8e88-4c10-a4b8-e3f595792fca,35ceb8c3-932f-47f9-8b53-c7b0aacefc9b,2022-03-14 15:42:15.971,2022-03-14 15:42:10.148,2022-03-14 17:30:44.792,Lose,1.0,0.0,1.0,Express,34,65.5877,Lose,Prematch,1.38,0.08,0.0,0.2,01ed3855-c1de-4127-8826-c3c9d4e26859,False,Settled
f5d2b5bf-8e88-4c10-a4b8-e3f595792fca,35ceb8c3-932f-47f9-8b53-c7b0aacefc9b,2022-03-14 15:42:15.971,2022-03-14 15:42:10.148,2022-03-14 17:30:44.792,Lose,1.0,0.0,1.0,Express,34,65.5877,Lose,Prematch,1.38,0.08,0.0,0.2,64ae35f5-a916-4f74-bdd4-14cc8217ad19,False,Settled
f5d2b5bf-8e88-4c10-a4b8-e3f595792fca,35ceb8c3-932f-47f9-8b53-c7b0aacefc9b,2022-03-14 15:42:15.971,2022-03-14 15:42:10.148,2022-03-14 17:30:44.792,Lose,1.0,0.0,1.0,Express,34,65.5877,Return,Prematch,1.03,0.01,0.0,0.0,fb2d3c3f-aa97-4538-92fd-c6a317db833f,False,Settled
f5d2b5bf-8e88-4c10-a4b8-e3f595792fca,35ceb8c3-932f-47f9-8b53-c7b0aacefc9b,2022-03-14 15:42:15.971,2022-03-14 15:42:10.148,2022-03-14 17:30:44.792,Lose,1.0,0.0,1.0,Express,34,65.5877,Win,Prematch,1.01,0.0,0.0,0.0,18349e72-ad1a-46ab-88fc-51f2c961d64d,False,Settled
f5d2b5bf-8e88-4c10-a4b8-e3f595792fca,35ceb8c3-932f-47f9-8b53-c7b0aacefc9b,2022-03-14 15:42:15.971,2022-03-14 15:42:10.148,2022-03-14 17:30:44.792,Lose,1.0,0.0,1.0,Express,34,65.5877,Win,Prematch,1.01,0.0,0.0,0.0,aa3a465f-a1da-4072-988e-4b4c8bc3241d,False,Settled
f5d2b5bf-8e88-4c10-a4b8-e3f595792fca,35ceb8c3-932f-47f9-8b53-c7b0aacefc9b,2022-03-14 15:42:15.971,2022-03-14 15:42:10.148,2022-03-14 17:30:44.792,Lose,1.0,0.0,1.0,Express,34,65.5877,Win,Prematch,1.35,0.07,0.0,0.0,44157853-2df7-430e-869e-3b92faf41af6,False,Settled
f5d2b5bf-8e88-4c10-a4b8-e3f595792fca,35ceb8c3-932f-47f9-8b53-c7b0aacefc9b,2022-03-14 15:42:15.971,2022-03-14 15:42:10.148,2022-03-14 17:30:44.792,Lose,1.0,0.0,1.0,Express,34,65.5877,Return,Prematch,1.01,0.0,0.0,0.0,aa3a465f-a1da-4072-988e-4b4c8bc3241d,False,Settled
888e95c3-c3fe-4a6f-bff5-d5abe9d516a2,c90e5bd2-7320-4058-9efe-f0254078bf1b,2022-03-14 15:54:24.589,2022-03-14 15:54:21.896,2022-03-14 17:55:40.329,Lose,3.0,0.0,3.0,Express,12,171.0234,Return,Prematch,1.44,0.2,0.0,0.0,bbbb5e3a-30be-43d0-a50d-ba2e9930eca0,False,Settled
888e95c3-c3fe-4a6f-bff5-d5abe9d516a2,c90e5bd2-7320-4058-9efe-f0254078bf1b,2022-03-14 15:54:24.589,2022-03-14 15:54:21.896,2022-03-14 17:55:40.329,Lose,3.0,0.0,3.0,Express,12,171.0234,Win,Prematch,1.47,0.22,0.0,0.0,bbbb5e3a-30be-43d0-a50d-ba2e9930eca0,False,Settled
d1f98cf8-21ba-4cac-b18f-f4f8b081d6e9,fe11e869-e66b-4397-bc94-81dd70bd6c2e,2022-03-14 16:10:44.603,2022-03-14 16:10:44.357,2022-03-14 21:54:11.688,Lose,2.0,0.0,2.0,Express,11,44.0276,Win,Prematch,1.11,0.04,0.0,0.0,148afd99-f89e-4eb5-835f-1d818b35de46,False,Settled
d1f98cf8-21ba-4cac-b18f-f4f8b081d6e9,fe11e869-e66b-4397-bc94-81dd70bd6c2e,2022-03-14 16:10:44.603,2022-03-14 16:10:44.357,2022-03-14 21:54:11.688,Lose,2.0,0.0,2.0,Express,11,44.0276,Win,Prematch,1.2,0.08,0.0,0.0,18349e72-ad1a-46ab-88fc-51f2c961d64d,False,Settled
d1f98cf8-21ba-4cac-b18f-f4f8b081d6e9,fe11e869-e66b-4397-bc94-81dd70bd6c2e,2022-03-14 16:10:44.603,2022-03-14 16:10:44.357,2022-03-14 21:54:11.688,Lose,2.0,0.0,2.0,Express,11,44.0276,Lose,Prematch,1.48,0.18,0.0,1.0,18349e72-ad1a-46ab-88fc-51f2c961d64d,False,Settled
d1f98cf8-21ba-4cac-b18f-f4f8b081d6e9,fe11e869-e66b-4397-bc94-81dd70bd6c2e,2022-03-14 16:10:44.603,2022-03-14 16:10:44.357,2022-03-14 21:54:11.688,Lose,2.0,0.0,2.0,Express,11,44.0276,Lose,Prematch,2.45,0.55,0.0,1.0,148afd99-f89e-4eb5-835f-1d818b35de46,False,Settled
d4c02925-c445-4b75-b8c1-9a7a73e31876,ce4b9c7e-4af8-4f65-a84b-fa9e09b68394,2022-03-14 16:15:47.144,2022-03-14 16:15:47.045,2022-03-14 21:54:44.818,Lose,0.2,0.0,0.2,Express,2,10.9,Win,Prematch,1.09,0.0,0.0,0.0,18349e72-ad1a-46ab-88fc-51f2c961d64d,False,Settled
d4c02925-c445-4b75-b8c1-9a7a73e31876,ce4b9c7e-4af8-4f65-a84b-fa9e09b68394,2022-03-14 16:15:47.144,2022-03-14 16:15:47.045,2022-03-14 21:54:44.818,Lose,0.2,0.0,0.2,Express,2,10.9,Lose,Prematch,10.0,0.2,0.0,0.2,18349e72-ad1a-46ab-88fc-51f2c961d64d,False,Settled
013bb744-f351-4dcf-9381-aa11135f7b2f,ce4b9c7e-4af8-4f65-a84b-fa9e09b68394,2022-03-14 16:16:26.528,2022-03-14 16:16:26.365,2022-03-14 21:54:08.777,Lose,0.97,0.0,0.97,Express,2,5.202,Lose,Prematch,3.4,0.79,0.0,0.97,148afd99-f89e-4eb5-835f-1d818b35de46,False,Settled
013bb744-f351-4dcf-9381-aa11135f7b2f,ce4b9c7e-4af8-4f65-a84b-fa9e09b68394,2022-03-14 16:16:26.528,2022-03-14 16:16:26.365,2022-03-14 21:54:08.777,Lose,0.97,0.0,0.97,Express,2,5.202,Win,Prematch,1.53,0.18,0.0,0.0,148afd99-f89e-4eb5-835f-1d818b35de46,False,Settled
bdccd39a-39c2-4e04-a1a4-6c97e5cc477f,ce4b9c7e-4af8-4f65-a84b-fa9e09b68394,2022-03-14 16:16:45.323,2022-03-14 16:16:45.159,2022-03-14 21:54:11.922,Lose,0.21,0.0,0.21,Express,2,10.05,Lose,Prematch,6.7,0.19,0.0,0.21,148afd99-f89e-4eb5-835f-1d818b35de46,False,Settled
bdccd39a-39c2-4e04-a1a4-6c97e5cc477f,ce4b9c7e-4af8-4f65-a84b-fa9e09b68394,2022-03-14 16:16:45.323,2022-03-14 16:16:45.159,2022-03-14 21:54:11.922,Lose,0.21,0.0,0.21,Express,2,10.05,Win,Prematch,1.5,0.02,0.0,0.0,148afd99-f89e-4eb5-835f-1d818b35de46,False,Settled
ff55f70e-9876-4c6e-a54f-7b95bcdb7238,7a4c4523-4390-4bff-9d0c-17be0b82a231,2022-03-14 16:17:12.203,2022-03-14 16:17:12.014,2022-03-14 17:56:17.251,Lose,20.0,0.0,20.0,Express,4,13.7752,Lose,Prematch,2.05,5.58,0.0,20.0,f944bcee-2c23-494e-ab2c-28b2ce97764d,False,Settled
ff55f70e-9876-4c6e-a54f-7b95bcdb7238,7a4c4523-4390-4bff-9d0c-17be0b82a231,2022-03-14 16:17:12.203,2022-03-14 16:17:12.014,2022-03-14 17:56:17.251,Lose,20.0,0.0,20.0,Express,4,13.7752,Win,Prematch,2.25,6.65,0.0,0.0,f944bcee-2c23-494e-ab2c-28b2ce97764d,False,Settled
0308a1bb-88aa-4e7d-bef7-fee5813fbebe,ce4b9c7e-4af8-4f65-a84b-fa9e09b68394,2022-03-14 16:17:20.533,2022-03-14 16:17:20.320,2022-03-14 21:38:31.862,Lose,0.73,0.0,0.73,Express,2,6.916,Lose,Prematch,5.2,0.68,0.0,0.73,aa3a465f-a1da-4072-988e-4b4c8bc3241d,False,Settled
0308a1bb-88aa-4e7d-bef7-fee5813fbebe,ce4b9c7e-4af8-4f65-a84b-fa9e09b68394,2022-03-14 16:17:20.533,2022-03-14 16:17:20.320,2022-03-14 21:38:31.862,Lose,0.73,0.0,0.73,Express,2,6.916,Win,Prematch,1.33,0.05,0.0,0.0,aa3a465f-a1da-4072-988e-4b4c8bc3241d,False,Settled
38160284-ecb5-4b2f-a14d-304b0f16d3a5,ce4b9c7e-4af8-4f65-a84b-fa9e09b68394,2022-03-14 16:17:33.062,2022-03-14 16:17:32.906,2022-03-14 21:38:14.568,Lose,0.2,0.0,0.2,Express,2,12.7,Win,Prematch,1.27,0.01,0.0,0.0,aa3a465f-a1da-4072-988e-4b4c8bc3241d,False,Settled
38160284-ecb5-4b2f-a14d-304b0f16d3a5,ce4b9c7e-4af8-4f65-a84b-fa9e09b68394,2022-03-14 16:17:33.062,2022-03-14 16:17:32.906,2022-03-14 21:38:14.568,Lose,0.2,0.0,0.2,Express,2,12.7,Lose,Prematch,10.0,0.19,0.0,0.2,aa3a465f-a1da-4072-988e-4b4c8bc3241d,False,Settled
4c696809-b412-4968-b984-6ef87c772638,ce4b9c7e-4af8-4f65-a84b-fa9e09b68394,2022-03-14 16:19:00.379,2022-03-14 16:19:00.249,2022-03-14 20:28:40.247,Lose,0.52,0.0,0.52,Express,2,9.73,Lose,Prematch,7.0,0.49,0.0,0.52,fb2d3c3f-aa97-4538-92fd-c6a317db833f,False,Settled
4c696809-b412-4968-b984-6ef87c772638,ce4b9c7e-4af8-4f65-a84b-fa9e09b68394,2022-03-14 16:19:00.379,2022-03-14 16:19:00.249,2022-03-14 20:28:40.247,Lose,0.52,0.0,0.52,Express,2,9.73,Win,Prematch,1.39,0.03,0.0,0.0,fb2d3c3f-aa97-4538-92fd-c6a317db833f,False,Settled
b9d46c4e-2059-4846-adda-6bdc51bff4a0,ce4b9c7e-4af8-4f65-a84b-fa9e09b68394,2022-03-14 16:19:23.238,2022-03-14 16:19:22.945,2022-03-14 20:26:25.412,Lose,0.45,0.0,0.45,Express,2,8.64,Lose,Prematch,7.2,0.44,0.0,0.45,fb2d3c3f-aa97-4538-92fd-c6a317db833f,False,Settled
b9d46c4e-2059-4846-adda-6bdc51bff4a0,ce4b9c7e-4af8-4f65-a84b-fa9e09b68394,2022-03-14 16:19:23.238,2022-03-14 16:19:22.945,2022-03-14 20:26:25.412,Lose,0.45,0.0,0.45,Express,2,8.64,Win,Prematch,1.2,0.01,0.0,0.0,fb2d3c3f-aa97-4538-92fd-c6a317db833f,False,Settled
de9cedd9-c45a-4ad7-ae71-1866b3ecb57a,ce4b9c7e-4af8-4f65-a84b-fa9e09b68394,2022-03-14 16:19:57.993,2022-03-14 16:19:57.824,2022-03-14 22:09:05.771,Lose,0.7,0.0,0.7,Express,2,7.14,Lose,Prematch,5.1,0.64,0.0,0.7,bbbb5e3a-30be-43d0-a50d-ba2e9930eca0,False,Settled
de9cedd9-c45a-4ad7-ae71-1866b3ecb57a,ce4b9c7e-4af8-4f65-a84b-fa9e09b68394,2022-03-14 16:19:57.993,2022-03-14 16:19:57.824,2022-03-14 22:09:05.771,Lose,0.7,0.0,0.7,Express,2,7.14,Win,Prematch,1.4,0.06,0.0,0.0,bbbb5e3a-30be-43d0-a50d-ba2e9930eca0,False,Settled
cdc8fc4b-1e24-4366-91f2-ed5f879637a0,ce4b9c7e-4af8-4f65-a84b-fa9e09b68394,2022-03-14 16:20:20.503,2022-03-14 16:20:20.253,2022-03-14 22:09:07.396,Lose,0.3,0.0,0.3,Express,2,11.135,Win,Prematch,1.31,0.01,0.0,0.0,bbbb5e3a-30be-43d0-a50d-ba2e9930eca0,False,Settled
cdc8fc4b-1e24-4366-91f2-ed5f879637a0,ce4b9c7e-4af8-4f65-a84b-fa9e09b68394,2022-03-14 16:20:20.503,2022-03-14 16:20:20.253,2022-03-14 22:09:07.396,Lose,0.3,0.0,0.3,Express,2,11.135,Lose,Prematch,8.5,0.29,0.0,0.3,bbbb5e3a-30be-43d0-a50d-ba2e9930eca0,False,Settled
07817430-612b-43d0-ae2c-1b5d7bb71f45,ce4b9c7e-4af8-4f65-a84b-fa9e09b68394,2022-03-14 16:21:01.244,2022-03-14 16:21:01.112,2022-03-14 20:59:05.245,Lose,0.61,0.0,0.61,Express,2,8.32,Lose,Prematch,4.0,0.45,0.0,0.61,dce403ab-d027-48a3-939d-54b981426f52,False,Settled
07817430-612b-43d0-ae2c-1b5d7bb71f45,ce4b9c7e-4af8-4f65-a84b-fa9e09b68394,2022-03-14 16:21:01.244,2022-03-14 16:21:01.112,2022-03-14 20:59:05.245,Lose,0.61,0.0,0.61,Express,2,8.32,Win,Prematch,2.08,0.16,0.0,0.0,dce403ab-d027-48a3-939d-54b981426f52,False,Settled
4c007f83-91e8-4e48-a55f-9c38371ff869,ce4b9c7e-4af8-4f65-a84b-fa9e09b68394,2022-03-14 16:21:15.447,2022-03-14 16:21:15.292,2022-03-14 20:55:09.952,Lose,0.92,0.0,0.92,Express,2,5.472,Win,Prematch,1.44,0.12,0.0,0.0,dce403ab-d027-48a3-939d-54b981426f52,False,Settled
4c007f83-91e8-4e48-a55f-9c38371ff869,ce4b9c7e-4af8-4f65-a84b-fa9e09b68394,2022-03-14 16:21:15.447,2022-03-14 16:21:15.292,2022-03-14 20:55:09.952,Lose,0.92,0.0,0.92,Express,2,5.472,Lose,Prematch,3.8,0.8,0.0,0.92,dce403ab-d027-48a3-939d-54b981426f52,False,Settled
210768eb-d4a5-437d-8480-267bf1eed76a,ce4b9c7e-4af8-4f65-a84b-fa9e09b68394,2022-03-14 16:24:39.980,2022-03-14 16:24:39.887,2022-03-14 21:40:05.867,Lose,0.43,0.0,0.43,Express,2,7.038,Lose,Prematch,4.6,0.37,0.0,0.43,a4bbe0d9-4435-4c64-8fce-a43593a8dabb,False,Settled
210768eb-d4a5-437d-8480-267bf1eed76a,ce4b9c7e-4af8-4f65-a84b-fa9e09b68394,2022-03-14 16:24:39.980,2022-03-14 16:24:39.887,2022-03-14 21:40:05.867,Lose,0.43,0.0,0.43,Express,2,7.038,Win,Prematch,1.53,0.06,0.0,0.0,a4bbe0d9-4435-4c64-8fce-a43593a8dabb,False,Settled
da3d4f71-b99c-4249-8358-509ef82ca20e,ce4b9c7e-4af8-4f65-a84b-fa9e09b68394,2022-03-14 16:25:37.784,2022-03-14 16:25:37.684,2022-03-14 21:36:46.305,Lose,0.36,0.0,0.36,Express,2,8.415,Lose,Prematch,4.5,0.29,0.0,0.36,44157853-2df7-430e-869e-3b92faf41af6,False,Settled
da3d4f71-b99c-4249-8358-509ef82ca20e,ce4b9c7e-4af8-4f65-a84b-fa9e09b68394,2022-03-14 16:25:37.784,2022-03-14 16:25:37.684,2022-03-14 21:36:46.305,Lose,0.36,0.0,0.36,Express,2,8.415,Win,Prematch,1.87,0.07,0.0,0.0,44157853-2df7-430e-869e-3b92faf41af6,False,Settled
ab51dd9e-0c45-4331-83c6-64ef22767448,ce4b9c7e-4af8-4f65-a84b-fa9e09b68394,2022-03-14 16:26:22.030,2022-03-14 16:26:21.920,2022-03-14 21:40:57.246,Lose,0.36,0.0,0.36,Express,2,8.4,Lose,Prematch,4.0,0.26,0.0,0.36,64ae35f5-a916-4f74-bdd4-14cc8217ad19,False,Settled
ab51dd9e-0c45-4331-83c6-64ef22767448,ce4b9c7e-4af8-4f65-a84b-fa9e09b68394,2022-03-14 16:26:22.030,2022-03-14 16:26:21.920,2022-03-14 21:40:57.246,Lose,0.36,0.0,0.36,Express,2,8.4,Win,Prematch,2.1,0.1,0.0,0.0,64ae35f5-a916-4f74-bdd4-14cc8217ad19,False,Settled
2dde9a29-d29c-463a-8c2c-28db7b36976f,7a4c4523-4390-4bff-9d0c-17be0b82a231,2022-03-14 16:28:18.916,2022-03-14 16:28:18.760,2022-03-14 17:56:17.254,Lose,20.0,0.0,20.0,Express,4,10.2389,Win,Prematch,2.14,7.08,0.0,0.0,f944bcee-2c23-494e-ab2c-28b2ce97764d,False,Settled
2dde9a29-d29c-463a-8c2c-28db7b36976f,7a4c4523-4390-4bff-9d0c-17be0b82a231,2022-03-14 16:28:18.916,2022-03-14 16:28:18.760,2022-03-14 17:56:17.254,Lose,20.0,0.0,20.0,Express,4,10.2389,Lose,Prematch,1.67,4.16,0.0,20.0,f944bcee-2c23-494e-ab2c-28b2ce97764d,False,Settled
2118f398-9222-45c7-a04e-ce95cbb49837,35ceb8c3-932f-47f9-8b53-c7b0aacefc9b,2022-03-14 16:32:32.026,2022-03-14 16:32:26.195,2022-03-14 18:52:05.952,Lose,1.0,0.0,1.0,Express,9,6.6446,Lose,Prematch,1.25,0.11,0.0,0.33,18349e72-ad1a-46ab-88fc-51f2c961d64d,False,Settled
2118f398-9222-45c7-a04e-ce95cbb49837,35ceb8c3-932f-47f9-8b53-c7b0aacefc9b,2022-03-14 16:32:32.026,2022-03-14 16:32:26.195,2022-03-14 18:52:05.952,Lose,1.0,0.0,1.0,Express,9,6.6446,Lose,Prematch,1.18,0.08,0.0,0.33,aa3a465f-a1da-4072-988e-4b4c8bc3241d,False,Settled
2118f398-9222-45c7-a04e-ce95cbb49837,35ceb8c3-932f-47f9-8b53-c7b0aacefc9b,2022-03-14 16:32:32.026,2022-03-14 16:32:26.195,2022-03-14 18:52:05.952,Lose,1.0,0.0,1.0,Express,9,6.6446,Win,Prematch,1.04,0.02,0.0,0.0,18349e72-ad1a-46ab-88fc-51f2c961d64d,False,Settled
2118f398-9222-45c7-a04e-ce95cbb49837,35ceb8c3-932f-47f9-8b53-c7b0aacefc9b,2022-03-14 16:32:32.026,2022-03-14 16:32:26.195,2022-03-14 18:52:05.952,Lose,1.0,0.0,1.0,Express,9,6.6446,Win,Prematch,1.01,0.0,0.0,0.0,aa3a465f-a1da-4072-988e-4b4c8bc3241d,False,Settled
03f32ef4-cb6d-4b64-a7ed-7e750236de89,7a4c4523-4390-4bff-9d0c-17be0b82a231,2022-03-14 16:42:11.435,2022-03-14 16:42:11.272,2022-03-14 19:02:52.261,Lose,20.0,0.0,20.0,Express,4,19.9527,Lose,Prematch,2.1,4.81,0.0,20.0,f944bcee-2c23-494e-ab2c-28b2ce97764d,False,Settled
03f32ef4-cb6d-4b64-a7ed-7e750236de89,7a4c4523-4390-4bff-9d0c-17be0b82a231,2022-03-14 16:42:11.435,2022-03-14 16:42:11.272,2022-03-14 19:02:52.261,Lose,20.0,0.0,20.0,Express,4,19.9527,Win,Prematch,2.7,7.45,0.0,0.0,f944bcee-2c23-494e-ab2c-28b2ce97764d,False,Settled
bd7456cd-35f1-4905-8bff-a8a73daef8fc,3c376095-a428-420b-9f51-37aff9918ac1,2022-03-14 16:50:08.571,2022-03-14 16:50:08.275,2022-03-14 17:59:21.263,Lose,0.2,0.0,0.2,Express,10,173.1027,Lose,Prematch,2.5,0.04,0.0,0.05,bbbb5e3a-30be-43d0-a50d-ba2e9930eca0,False,Settled
bd7456cd-35f1-4905-8bff-a8a73daef8fc,3c376095-a428-420b-9f51-37aff9918ac1,2022-03-14 16:50:08.571,2022-03-14 16:50:08.275,2022-03-14 17:59:21.263,Lose,0.2,0.0,0.2,Express,10,173.1027,Win,Live,1.27,0.01,0.0,0.0,3e7f6b6c-57fc-46e1-bb75-2bdddf4302f8,False,Settled
bd7456cd-35f1-4905-8bff-a8a73daef8fc,3c376095-a428-420b-9f51-37aff9918ac1,2022-03-14 16:50:08.571,2022-03-14 16:50:08.275,2022-03-14 17:59:21.263,Lose,0.2,0.0,0.2,Express,10,173.1027,Win,Prematch,1.4,0.01,0.0,0.0,bbbb5e3a-30be-43d0-a50d-ba2e9930eca0,False,Settled
bd7456cd-35f1-4905-8bff-a8a73daef8fc,3c376095-a428-420b-9f51-37aff9918ac1,2022-03-14 16:50:08.571,2022-03-14 16:50:08.275,2022-03-14 17:59:21.263,Lose,0.2,0.0,0.2,Express,10,173.1027,Lose,Live,1.28,0.01,0.0,0.05,3e7f6b6c-57fc-46e1-bb75-2bdddf4302f8,False,Settled
ab85e957-4269-43d6-bca4-a0e618f10276,6bbdc7a2-c653-49da-95b3-1fc1e16c29ab,2022-03-14 17:49:38.226,2022-03-14 17:49:37.972,2022-03-14 20:24:55.260,Lose,0.3,0.0,0.3,Express,13,30.0596,Win,Prematch,1.09,0.01,0.0,0.0,18349e72-ad1a-46ab-88fc-51f2c961d64d,False,Settled
ab85e957-4269-43d6-bca4-a0e618f10276,6bbdc7a2-c653-49da-95b3-1fc1e16c29ab,2022-03-14 17:49:38.226,2022-03-14 17:49:37.972,2022-03-14 20:24:55.260,Lose,0.3,0.0,0.3,Express,13,30.0596,Lose,Prematch,1.3,0.02,0.0,0.15,18349e72-ad1a-46ab-88fc-51f2c961d64d,False,Settled
e9e4b453-5aea-408e-8a08-2a0fb040197e,ec6c67df-51c8-4be4-8889-a68b0cad593a,2022-03-14 18:07:53.251,2022-03-14 18:07:52.986,2022-03-14 21:17:36.267,Lose,1.0,0.0,1.0,Express,11,53.7596,Lose,Prematch,1.4,0.08,0.0,0.25,18349e72-ad1a-46ab-88fc-51f2c961d64d,False,Settled
e9e4b453-5aea-408e-8a08-2a0fb040197e,ec6c67df-51c8-4be4-8889-a68b0cad593a,2022-03-14 18:07:53.251,2022-03-14 18:07:52.986,2022-03-14 21:17:36.267,Lose,1.0,0.0,1.0,Express,11,53.7596,Lose,Prematch,1.44,0.09,0.0,0.25,18349e72-ad1a-46ab-88fc-51f2c961d64d,False,Settled
e9e4b453-5aea-408e-8a08-2a0fb040197e,ec6c67df-51c8-4be4-8889-a68b0cad593a,2022-03-14 18:07:53.251,2022-03-14 18:07:52.986,2022-03-14 21:17:36.267,Lose,1.0,0.0,1.0,Express,11,53.7596,Win,Prematch,1.48,0.1,0.0,0.0,148afd99-f89e-4eb5-835f-1d818b35de46,False,Settled
e9e4b453-5aea-408e-8a08-2a0fb040197e,ec6c67df-51c8-4be4-8889-a68b0cad593a,2022-03-14 18:07:53.251,2022-03-14 18:07:52.986,2022-03-14 21:17:36.267,Lose,1.0,0.0,1.0,Express,11,53.7596,Win,Prematch,1.42,0.09,0.0,0.0,18349e72-ad1a-46ab-88fc-51f2c961d64d,False,Settled
e9e4b453-5aea-408e-8a08-2a0fb040197e,ec6c67df-51c8-4be4-8889-a68b0cad593a,2022-03-14 18:07:53.251,2022-03-14 18:07:52.986,2022-03-14 21:17:36.267,Lose,1.0,0.0,1.0,Express,11,53.7596,Win,Prematch,1.45,0.09,0.0,0.0,148afd99-f89e-4eb5-835f-1d818b35de46,False,Settled
e9e4b453-5aea-408e-8a08-2a0fb040197e,ec6c67df-51c8-4be4-8889-a68b0cad593a,2022-03-14 18:07:53.251,2022-03-14 18:07:52.986,2022-03-14 21:17:36.267,Lose,1.0,0.0,1.0,Express,11,53.7596,Lose,Prematch,1.4,0.08,0.0,0.25,148afd99-f89e-4eb5-835f-1d818b35de46,False,Settled
ec979212-6bed-4ceb-88f0-379fbd18f68d,35ceb8c3-932f-47f9-8b53-c7b0aacefc9b,2022-03-14 18:11:12.830,2022-03-14 18:11:07.063,2022-03-14 19:23:09.281,Lose,1.0,0.0,1.0,Express,24,215.9036,Win,Prematch,1.13,0.02,0.0,0.0,01ed3855-c1de-4127-8826-c3c9d4e26859,False,Settled
ec979212-6bed-4ceb-88f0-379fbd18f68d,35ceb8c3-932f-47f9-8b53-c7b0aacefc9b,2022-03-14 18:11:12.830,2022-03-14 18:11:07.063,2022-03-14 19:23:09.281,Lose,1.0,0.0,1.0,Express,24,215.9036,Return,Prematch,1.32,0.05,0.0,0.0,dce403ab-d027-48a3-939d-54b981426f52,False,Settled
ec979212-6bed-4ceb-88f0-379fbd18f68d,35ceb8c3-932f-47f9-8b53-c7b0aacefc9b,2022-03-14 18:11:12.830,2022-03-14 18:11:07.063,2022-03-14 19:23:09.281,Lose,1.0,0.0,1.0,Express,24,215.9036,Win,Prematch,1.2,0.03,0.0,0.0,dce403ab-d027-48a3-939d-54b981426f52,False,Settled
ec979212-6bed-4ceb-88f0-379fbd18f68d,35ceb8c3-932f-47f9-8b53-c7b0aacefc9b,2022-03-14 18:11:12.830,2022-03-14 18:11:07.063,2022-03-14 19:23:09.281,Lose,1.0,0.0,1.0,Express,24,215.9036,Lose,Prematch,1.38,0.06,0.0,0.25,01ed3855-c1de-4127-8826-c3c9d4e26859,False,Settled
84b17ff3-a871-4b59-a10f-afb0d4fce965,3c376095-a428-420b-9f51-37aff9918ac1,2022-03-14 18:21:43.796,2022-03-14 18:21:40.123,2022-03-14 19:00:12.286,Lose,0.2,0.0,0.2,Express,11,110.1666,Lose,Live,1.25,0.01,0.0,0.05,81dea250-1694-43da-a980-1837f0cfa64f,False,Settled
84b17ff3-a871-4b59-a10f-afb0d4fce965,3c376095-a428-420b-9f51-37aff9918ac1,2022-03-14 18:21:43.796,2022-03-14 18:21:40.123,2022-03-14 19:00:12.286,Lose,0.2,0.0,0.2,Express,11,110.1666,Lose,Prematch,2.25,0.04,0.0,0.05,7e0566f5-d9b1-4771-a43e-ac01d5db9ff8,False,Settled
84b17ff3-a871-4b59-a10f-afb0d4fce965,3c376095-a428-420b-9f51-37aff9918ac1,2022-03-14 18:21:43.796,2022-03-14 18:21:40.123,2022-03-14 19:00:12.286,Lose,0.2,0.0,0.2,Express,11,110.1666,Win,Prematch,1.36,0.01,0.0,0.0,7e0566f5-d9b1-4771-a43e-ac01d5db9ff8,False,Settled
84b17ff3-a871-4b59-a10f-afb0d4fce965,3c376095-a428-420b-9f51-37aff9918ac1,2022-03-14 18:21:43.796,2022-03-14 18:21:40.123,2022-03-14 19:00:12.286,Lose,0.2,0.0,0.2,Express,11,110.1666,Win,Live,1.6,0.02,0.0,0.0,81dea250-1694-43da-a980-1837f0cfa64f,False,Settled
e68a5637-d25c-45bb-8b95-88d50228d87a,db89f205-89f5-4823-b0e8-6d64e74a4be9,2022-03-14 19:40:18.357,2022-03-14 19:40:18.206,2022-03-14 22:05:21.778,Lose,5.0,0.0,5.0,Express,4,35.7555,Lose,Prematch,2.75,1.49,0.0,5.0,148afd99-f89e-4eb5-835f-1d818b35de46,False,Settled
e68a5637-d25c-45bb-8b95-88d50228d87a,db89f205-89f5-4823-b0e8-6d64e74a4be9,2022-03-14 19:40:18.357,2022-03-14 19:40:18.206,2022-03-14 22:05:21.778,Lose,5.0,0.0,5.0,Express,4,35.7555,Win,Prematch,2.75,1.49,0.0,0.0,148afd99-f89e-4eb5-835f-1d818b35de46,False,Settled
fe7a4bda-5b88-4805-866c-f9d6c9fd958c,35ceb8c3-932f-47f9-8b53-c7b0aacefc9b,2022-03-14 19:42:54.926,2022-03-14 19:42:54.636,2022-03-14 21:40:54.248,Lose,1.0,0.0,1.0,Express,21,26.2125,Lose,Prematch,1.38,0.1,0.0,0.34,01ed3855-c1de-4127-8826-c3c9d4e26859,False,Settled
fe7a4bda-5b88-4805-866c-f9d6c9fd958c,35ceb8c3-932f-47f9-8b53-c7b0aacefc9b,2022-03-14 19:42:54.926,2022-03-14 19:42:54.636,2022-03-14 21:40:54.248,Lose,1.0,0.0,1.0,Express,21,26.2125,Win,Prematch,1.06,0.02,0.0,0.0,64ae35f5-a916-4f74-bdd4-14cc8217ad19,False,Settled
fe7a4bda-5b88-4805-866c-f9d6c9fd958c,35ceb8c3-932f-47f9-8b53-c7b0aacefc9b,2022-03-14 19:42:54.926,2022-03-14 19:42:54.636,2022-03-14 21:40:54.248,Lose,1.0,0.0,1.0,Express,21,26.2125,Lose,Prematch,1.38,0.1,0.0,0.33,64ae35f5-a916-4f74-bdd4-14cc8217ad19,False,Settled
fe7a4bda-5b88-4805-866c-f9d6c9fd958c,35ceb8c3-932f-47f9-8b53-c7b0aacefc9b,2022-03-14 19:42:54.926,2022-03-14 19:42:54.636,2022-03-14 21:40:54.248,Lose,1.0,0.0,1.0,Express,21,26.2125,Win,Prematch,1.11,0.03,0.0,0.0,01ed3855-c1de-4127-8826-c3c9d4e26859,False,Settled
3d24f669-7483-4953-b8ed-7deb7cde8c25,0502c547-811b-4ed3-afcf-864e13f8c3fd,2022-03-14 20:03:33.282,2022-03-14 20:03:30.627,2022-03-14 20:47:36.943,Lose,0.5,0.0,0.5,Express,4,9.1059,Win,Live,1.87,0.15,0.0,0.0,18349e72-ad1a-46ab-88fc-51f2c961d64d,False,Settled
3d24f669-7483-4953-b8ed-7deb7cde8c25,0502c547-811b-4ed3-afcf-864e13f8c3fd,2022-03-14 20:03:33.282,2022-03-14 20:03:30.627,2022-03-14 20:47:36.943,Lose,0.5,0.0,0.5,Express,4,9.1059,Win,Live,1.55,0.09,0.0,0.0,148afd99-f89e-4eb5-835f-1d818b35de46,False,Settled
3d24f669-7483-4953-b8ed-7deb7cde8c25,0502c547-811b-4ed3-afcf-864e13f8c3fd,2022-03-14 20:03:33.282,2022-03-14 20:03:30.627,2022-03-14 20:47:36.943,Lose,0.5,0.0,0.5,Express,4,9.1059,Lose,Live,1.87,0.15,0.0,0.25,18349e72-ad1a-46ab-88fc-51f2c961d64d,False,Settled
3d24f669-7483-4953-b8ed-7deb7cde8c25,0502c547-811b-4ed3-afcf-864e13f8c3fd,2022-03-14 20:03:33.282,2022-03-14 20:03:30.627,2022-03-14 20:47:36.943,Lose,0.5,0.0,0.5,Express,4,9.1059,Lose,Live,1.68,0.11,0.0,0.25,148afd99-f89e-4eb5-835f-1d818b35de46,False,Settled
e5f56b93-2723-4cf3-a5d4-4db08fbc0747,ebedb914-c030-403f-802c-bdb040308131,2022-03-14 20:15:54.330,2022-03-14 20:15:51.586,2022-03-14 20:47:36.889,Lose,5.0,0.0,5.0,Express,4,8.4768,Lose,Live,1.53,0.93,0.0,2.5,18349e72-ad1a-46ab-88fc-51f2c961d64d,False,Settled
e5f56b93-2723-4cf3-a5d4-4db08fbc0747,ebedb914-c030-403f-802c-bdb040308131,2022-03-14 20:15:54.330,2022-03-14 20:15:51.586,2022-03-14 20:47:36.889,Lose,5.0,0.0,5.0,Express,4,8.4768,Win,Live,1.9,1.58,0.0,0.0,18349e72-ad1a-46ab-88fc-51f2c961d64d,False,Settled
6bf744bf-9341-4daf-bdfe-779ca677c361,ce4b9c7e-4af8-4f65-a84b-fa9e09b68394,2022-03-15 05:48:11.047,2022-03-15 05:48:10.940,2022-03-15 12:56:54.541,Lose,0.89,0.0,0.89,Express,2,5.6375,Lose,Prematch,2.75,0.56,0.0,0.89,410ddf40-715b-425c-a5a5-d51fba2a678b,False,Settled
6bf744bf-9341-4daf-bdfe-779ca677c361,ce4b9c7e-4af8-4f65-a84b-fa9e09b68394,2022-03-15 05:48:11.047,2022-03-15 05:48:10.940,2022-03-15 12:56:54.541,Lose,0.89,0.0,0.89,Express,2,5.6375,Win,Prematch,2.05,0.33,0.0,0.0,410ddf40-715b-425c-a5a5-d51fba2a678b,False,Settled
f38d17fd-667d-4b5e-8772-0a961a869661,ce4b9c7e-4af8-4f65-a84b-fa9e09b68394,2022-03-15 05:49:42.213,2022-03-15 05:49:41.995,2022-03-15 19:39:56.250,Lose,0.72,0.0,0.72,Express,2,6.956,Lose,Prematch,4.7,0.64,0.0,0.72,fc25e225-486c-480a-a9da-d6c591b02f37,False,Settled
f38d17fd-667d-4b5e-8772-0a961a869661,ce4b9c7e-4af8-4f65-a84b-fa9e09b68394,2022-03-15 05:49:42.213,2022-03-15 05:49:41.995,2022-03-15 19:39:56.250,Lose,0.72,0.0,0.72,Express,2,6.956,Win,Prematch,1.48,0.08,0.0,0.0,fc25e225-486c-480a-a9da-d6c591b02f37,False,Settled
688abdfc-c9b7-42c0-bb7f-17f609236808,ce4b9c7e-4af8-4f65-a84b-fa9e09b68394,2022-03-15 05:49:54.774,2022-03-15 05:49:54.647,2022-03-15 19:36:44.335,Lose,0.58,0.0,0.58,Express,2,8.645,Win,Prematch,1.33,0.03,0.0,0.0,fc25e225-486c-480a-a9da-d6c591b02f37,False,Settled
688abdfc-c9b7-42c0-bb7f-17f609236808,ce4b9c7e-4af8-4f65-a84b-fa9e09b68394,2022-03-15 05:49:54.774,2022-03-15 05:49:54.647,2022-03-15 19:36:44.335,Lose,0.58,0.0,0.58,Express,2,8.645,Lose,Prematch,6.5,0.55,0.0,0.58,fc25e225-486c-480a-a9da-d6c591b02f37,False,Settled
70f3d1cb-4e6f-43e1-b808-eb01e0169b34,958b3742-c1b5-4f69-9dac-c284f7be9162,2022-03-15 06:59:31.378,2022-03-15 06:59:31.104,2022-03-15 21:53:57.539,Lose,10.0,0.0,10.0,Express,8,22.8048,Win,Prematch,2.55,3.63,0.0,0.0,7e0566f5-d9b1-4771-a43e-ac01d5db9ff8,False,Settled
70f3d1cb-4e6f-43e1-b808-eb01e0169b34,958b3742-c1b5-4f69-9dac-c284f7be9162,2022-03-15 06:59:31.378,2022-03-15 06:59:31.104,2022-03-15 21:53:57.539,Lose,10.0,0.0,10.0,Express,8,22.8048,Lose,Prematch,1.44,1.03,0.0,3.33,7e0566f5-d9b1-4771-a43e-ac01d5db9ff8,False,Settled
70f3d1cb-4e6f-43e1-b808-eb01e0169b34,958b3742-c1b5-4f69-9dac-c284f7be9162,2022-03-15 06:59:31.378,2022-03-15 06:59:31.104,2022-03-15 21:53:57.539,Lose,10.0,0.0,10.0,Express,8,22.8048,Lose,Prematch,1.38,0.89,0.0,3.34,da916672-d7b1-40d2-ab08-f1fa9a82760a,False,Settled
70f3d1cb-4e6f-43e1-b808-eb01e0169b34,958b3742-c1b5-4f69-9dac-c284f7be9162,2022-03-15 06:59:31.378,2022-03-15 06:59:31.104,2022-03-15 21:53:57.539,Lose,10.0,0.0,10.0,Express,8,22.8048,Win,Prematch,1.35,0.82,0.0,0.0,da916672-d7b1-40d2-ab08-f1fa9a82760a,False,Settled
0171554d-da71-4923-bc8e-bae0cf4c787b,ce4b9c7e-4af8-4f65-a84b-fa9e09b68394,2022-03-15 08:03:54.621,2022-03-15 08:03:54.484,2022-03-15 19:23:29.335,Lose,0.84,0.0,0.84,Express,2,6.012,Lose,Prematch,3.6,0.67,0.0,0.84,e8ae68af-305d-4dc9-be4f-6e195f12a787,False,Settled
0171554d-da71-4923-bc8e-bae0cf4c787b,ce4b9c7e-4af8-4f65-a84b-fa9e09b68394,2022-03-15 08:03:54.621,2022-03-15 08:03:54.484,2022-03-15 19:23:29.335,Lose,0.84,0.0,0.84,Express,2,6.012,Win,Prematch,1.67,0.17,0.0,0.0,e8ae68af-305d-4dc9-be4f-6e195f12a787,False,Settled
cf77acad-6bea-4901-afc8-3539a122f4b6,ce4b9c7e-4af8-4f65-a84b-fa9e09b68394,2022-03-15 08:04:25.669,2022-03-15 08:04:25.566,2022-03-15 19:23:37.906,Lose,0.62,0.0,0.62,Express,2,8.1,Lose,Prematch,5.4,0.56,0.0,0.62,8cdac871-3497-41f5-b1fc-45b23cbd9537,False,Settled
cf77acad-6bea-4901-afc8-3539a122f4b6,ce4b9c7e-4af8-4f65-a84b-fa9e09b68394,2022-03-15 08:04:25.669,2022-03-15 08:04:25.566,2022-03-15 19:23:37.906,Lose,0.62,0.0,0.62,Express,2,8.1,Win,Prematch,1.5,0.06,0.0,0.0,8cdac871-3497-41f5-b1fc-45b23cbd9537,False,Settled
66bd5e41-062d-477e-bced-a91b754b2b9a,ce4b9c7e-4af8-4f65-a84b-fa9e09b68394,2022-03-15 08:04:45.258,2022-03-15 08:04:45.076,2022-03-15 19:22:12.813,Lose,0.85,0.0,0.85,Express,2,5.94,Lose,Prematch,2.7,0.5,0.0,0.85,c71fdd32-8257-47ed-b425-0cb3d2696edf,False,Settled
66bd5e41-062d-477e-bced-a91b754b2b9a,ce4b9c7e-4af8-4f65-a84b-fa9e09b68394,2022-03-15 08:04:45.258,2022-03-15 08:04:45.076,2022-03-15 19:22:12.813,Lose,0.85,0.0,0.85,Express,2,5.94,Win,Prematch,2.2,0.35,0.0,0.0,c71fdd32-8257-47ed-b425-0cb3d2696edf,False,Settled
ffa63291-9546-42ff-b391-45e3a8b10a69,fca7d364-f614-460e-8ffd-77b299cd3f69,2022-03-15 09:14:00.700,2022-03-15 09:14:00.489,2022-03-15 21:35:31.019,Lose,40.0,0.0,40.0,Express,11,13.5655,Lose,Prematch,1.55,7.05,0.0,13.33,da916672-d7b1-40d2-ab08-f1fa9a82760a,False,Settled
ffa63291-9546-42ff-b391-45e3a8b10a69,fca7d364-f614-460e-8ffd-77b299cd3f69,2022-03-15 09:14:00.700,2022-03-15 09:14:00.489,2022-03-15 21:35:31.019,Lose,40.0,0.0,40.0,Express,11,13.5655,Win,Prematch,1.09,1.15,0.0,0.0,7e0566f5-d9b1-4771-a43e-ac01d5db9ff8,False,Settled
ffa63291-9546-42ff-b391-45e3a8b10a69,fca7d364-f614-460e-8ffd-77b299cd3f69,2022-03-15 09:14:00.700,2022-03-15 09:14:00.489,2022-03-15 21:35:31.019,Lose,40.0,0.0,40.0,Express,11,13.5655,Lose,Prematch,1.46,5.9,0.0,13.34,7e0566f5-d9b1-4771-a43e-ac01d5db9ff8,False,Settled
ffa63291-9546-42ff-b391-45e3a8b10a69,fca7d364-f614-460e-8ffd-77b299cd3f69,2022-03-15 09:14:00.700,2022-03-15 09:14:00.489,2022-03-15 21:35:31.019,Lose,40.0,0.0,40.0,Express,11,13.5655,Win,Prematch,1.75,9.63,0.0,0.0,da916672-d7b1-40d2-ab08-f1fa9a82760a,False,Settled
ffa63291-9546-42ff-b391-45e3a8b10a69,fca7d364-f614-460e-8ffd-77b299cd3f69,2022-03-15 09:14:00.700,2022-03-15 09:14:00.489,2022-03-15 21:35:31.019,Lose,40.0,0.0,40.0,Express,11,13.5655,Win,Prematch,1.13,1.67,0.0,0.0,7e0566f5-d9b1-4771-a43e-ac01d5db9ff8,False,Settled
4658b6a3-b67e-4cd8-b88d-ca18d9b31dbf,fca7d364-f614-460e-8ffd-77b299cd3f69,2022-03-15 09:26:53.322,2022-03-15 09:26:53.026,2022-03-15 18:12:30.295,Lose,4.0,0.0,4.0,Express,25,1161.8181,Lose,Prematch,1.35,0.17,0.0,0.67,98ea5c69-273e-42d6-9fa0-e190e2f61343,False,Settled
4658b6a3-b67e-4cd8-b88d-ca18d9b31dbf,fca7d364-f614-460e-8ffd-77b299cd3f69,2022-03-15 09:26:53.322,2022-03-15 09:26:53.026,2022-03-15 18:12:30.295,Lose,4.0,0.0,4.0,Express,25,1161.8181,Win,Prematch,1.32,0.15,0.0,0.0,98ea5c69-273e-42d6-9fa0-e190e2f61343,False,Settled
49bdbe35-3aca-4ff6-b8ef-48b6570288fe,7b22aab6-285f-488b-9a8b-f71cea5f7431,2022-03-15 09:35:50.616,2022-03-15 09:35:50.415,2022-03-15 21:53:56.034,Lose,10.0,0.0,10.0,Express,4,27.9827,Win,Prematch,1.72,1.33,0.0,0.0,da916672-d7b1-40d2-ab08-f1fa9a82760a,False,Settled
49bdbe35-3aca-4ff6-b8ef-48b6570288fe,7b22aab6-285f-488b-9a8b-f71cea5f7431,2022-03-15 09:35:50.616,2022-03-15 09:35:50.415,2022-03-15 21:53:56.034,Lose,10.0,0.0,10.0,Express,4,27.9827,Return,Prematch,2.04,1.93,0.0,0.0,da916672-d7b1-40d2-ab08-f1fa9a82760a,False,Settled
a328f3e0-ca37-4471-9b99-77657839620b,299ca374-f3ac-4df4-bc24-7c353eb5823e,2022-03-15 10:02:52.907,2022-03-15 10:02:52.665,2022-03-15 21:53:15.350,Lose,2.0,0.0,2.0,Express,15,42.4106,Lose,Prematch,2.18,0.48,0.0,0.4,7e0566f5-d9b1-4771-a43e-ac01d5db9ff8,False,Settled
a328f3e0-ca37-4471-9b99-77657839620b,299ca374-f3ac-4df4-bc24-7c353eb5823e,2022-03-15 10:02:52.907,2022-03-15 10:02:52.665,2022-03-15 21:53:15.350,Lose,2.0,0.0,2.0,Express,15,42.4106,Win,Prematch,1.3,0.12,0.0,0.0,7e0566f5-d9b1-4771-a43e-ac01d5db9ff8,False,Settled
49bb91b7-cc7a-46b4-b3b3-50d892a6b894,f6b218ec-f296-401b-a571-2a80d6f7d355,2022-03-15 10:05:04.962,2022-03-15 10:05:04.778,2022-03-15 21:53:16.041,Lose,2.2,0.0,2.2,Express,4,10.0942,Return,Prematch,1.75,0.49,0.0,0.0,7e0566f5-d9b1-4771-a43e-ac01d5db9ff8,False,Settled
49bb91b7-cc7a-46b4-b3b3-50d892a6b894,f6b218ec-f296-401b-a571-2a80d6f7d355,2022-03-15 10:05:04.962,2022-03-15 10:05:04.778,2022-03-15 21:53:16.041,Lose,2.2,0.0,2.2,Express,4,10.0942,Lose,Prematch,1.53,0.35,0.0,0.74,7e0566f5-d9b1-4771-a43e-ac01d5db9ff8,False,Settled
1c920d89-53b8-4960-9894-c8d4109f588c,fa82f7e6-f2ee-414a-9dc9-7d212d2033e6,2022-03-15 10:44:22.331,2022-03-15 10:44:22.124,2022-03-15 21:55:19.933,Lose,1.5,0.0,1.5,Express,7,4.7498,Lose,Prematch,1.51,0.42,0.0,0.75,7e0566f5-d9b1-4771-a43e-ac01d5db9ff8,False,Settled
1c920d89-53b8-4960-9894-c8d4109f588c,fa82f7e6-f2ee-414a-9dc9-7d212d2033e6,2022-03-15 10:44:22.331,2022-03-15 10:44:22.124,2022-03-15 21:55:19.933,Lose,1.5,0.0,1.5,Express,7,4.7498,Win,Prematch,1.25,0.2,0.0,0.0,da916672-d7b1-40d2-ab08-f1fa9a82760a,False,Settled
1c920d89-53b8-4960-9894-c8d4109f588c,fa82f7e6-f2ee-414a-9dc9-7d212d2033e6,2022-03-15 10:44:22.331,2022-03-15 10:44:22.124,2022-03-15 21:55:19.933,Lose,1.5,0.0,1.5,Express,7,4.7498,Lose,Prematch,1.15,0.12,0.0,0.75,da916672-d7b1-40d2-ab08-f1fa9a82760a,False,Settled
1c920d89-53b8-4960-9894-c8d4109f588c,fa82f7e6-f2ee-414a-9dc9-7d212d2033e6,2022-03-15 10:44:22.331,2022-03-15 10:44:22.124,2022-03-15 21:55:19.933,Lose,1.5,0.0,1.5,Express,7,4.7498,Win,Prematch,1.6,0.49,0.0,0.0,7e0566f5-d9b1-4771-a43e-ac01d5db9ff8,False,Settled
f7fc2b42-2bbc-40c8-915c-a715f50d11db,ebedb914-c030-403f-802c-bdb040308131,2022-03-15 12:30:57.123,2022-03-15 12:30:54.439,2022-03-15 12:47:19.766,Lose,5.0,0.0,5.0,Express,5,30.5567,Win,Live,2.48,1.48,0.0,0.0,410ddf40-715b-425c-a5a5-d51fba2a678b,False,Settled
f7fc2b42-2bbc-40c8-915c-a715f50d11db,ebedb914-c030-403f-802c-bdb040308131,2022-03-15 12:30:57.123,2022-03-15 12:30:54.439,2022-03-15 12:47:19.766,Lose,5.0,0.0,5.0,Express,5,30.5567,Lose,Live,1.72,0.72,0.0,1.66,410ddf40-715b-425c-a5a5-d51fba2a678b,False,Settled
5ec5baf0-164c-4170-8770-4b25fa103c5b,35ceb8c3-932f-47f9-8b53-c7b0aacefc9b,2022-03-15 13:18:58.944,2022-03-15 13:18:58.711,2022-03-15 15:23:58.243,Lose,1.0,0.0,1.0,Express,18,9.4057,Win,Prematch,1.06,0.02,0.0,0.0,7e0566f5-d9b1-4771-a43e-ac01d5db9ff8,False,Settled
5ec5baf0-164c-4170-8770-4b25fa103c5b,35ceb8c3-932f-47f9-8b53-c7b0aacefc9b,2022-03-15 13:18:58.944,2022-03-15 13:18:58.711,2022-03-15 15:23:58.243,Lose,1.0,0.0,1.0,Express,18,9.4057,Return,Prematch,1.1,0.04,0.0,0.0,7e0566f5-d9b1-4771-a43e-ac01d5db9ff8,False,Settled
64679de3-35fd-4617-8e2d-0bce675bdd83,299ca374-f3ac-4df4-bc24-7c353eb5823e,2022-03-15 13:40:39.718,2022-03-15 13:40:39.505,2022-03-15 20:49:51.436,Lose,2.0,0.0,2.0,Express,6,26.9089,Lose,Prematch,1.44,0.2,0.0,0.67,7e0566f5-d9b1-4771-a43e-ac01d5db9ff8,False,Settled
64679de3-35fd-4617-8e2d-0bce675bdd83,299ca374-f3ac-4df4-bc24-7c353eb5823e,2022-03-15 13:40:39.718,2022-03-15 13:40:39.505,2022-03-15 20:49:51.436,Lose,2.0,0.0,2.0,Express,6,26.9089,Lose,Prematch,2.0,0.44,0.0,0.66,da916672-d7b1-40d2-ab08-f1fa9a82760a,False,Settled
64679de3-35fd-4617-8e2d-0bce675bdd83,299ca374-f3ac-4df4-bc24-7c353eb5823e,2022-03-15 13:40:39.718,2022-03-15 13:40:39.505,2022-03-15 20:49:51.436,Lose,2.0,0.0,2.0,Express,6,26.9089,Win,Prematch,1.57,0.26,0.0,0.0,da916672-d7b1-40d2-ab08-f1fa9a82760a,False,Settled
64679de3-35fd-4617-8e2d-0bce675bdd83,299ca374-f3ac-4df4-bc24-7c353eb5823e,2022-03-15 13:40:39.718,2022-03-15 13:40:39.505,2022-03-15 20:49:51.436,Lose,2.0,0.0,2.0,Express,6,26.9089,Win,Prematch,1.73,0.33,0.0,0.0,7e0566f5-d9b1-4771-a43e-ac01d5db9ff8,False,Settled
64679de3-35fd-4617-8e2d-0bce675bdd83,299ca374-f3ac-4df4-bc24-7c353eb5823e,2022-03-15 13:40:39.718,2022-03-15 13:40:39.505,2022-03-15 20:49:51.436,Lose,2.0,0.0,2.0,Express,6,26.9089,Lose,Prematch,2.0,0.45,0.0,0.67,7e0566f5-d9b1-4771-a43e-ac01d5db9ff8,False,Settled
64679de3-35fd-4617-8e2d-0bce675bdd83,299ca374-f3ac-4df4-bc24-7c353eb5823e,2022-03-15 13:40:39.718,2022-03-15 13:40:39.505,2022-03-15 20:49:51.436,Lose,2.0,0.0,2.0,Express,6,26.9089,Win,Prematch,1.72,0.32,0.0,0.0,da916672-d7b1-40d2-ab08-f1fa9a82760a,False,Settled
573db991-a9f8-42d0-b372-0e9904c9cd16,2eda9ed9-78cf-4a11-871e-133be5da9fce,2022-03-15 14:48:40.932,2022-03-15 14:48:40.596,2022-03-15 19:23:37.879,Lose,1.0,0.0,1.0,Express,18,248.2368,Lose,Prematch,1.32,0.05,0.0,0.15,4a604ac3-8085-40ed-9ac6-420c3f7e0ca0,False,Settled
573db991-a9f8-42d0-b372-0e9904c9cd16,2eda9ed9-78cf-4a11-871e-133be5da9fce,2022-03-15 14:48:40.932,2022-03-15 14:48:40.596,2022-03-15 19:23:37.879,Lose,1.0,0.0,1.0,Express,18,248.2368,Return,Prematch,1.27,0.04,0.0,0.0,ae07832c-4a3c-4fb7-b311-cbeff16a5fc6,False,Settled
573db991-a9f8-42d0-b372-0e9904c9cd16,2eda9ed9-78cf-4a11-871e-133be5da9fce,2022-03-15 14:48:40.932,2022-03-15 14:48:40.596,2022-03-15 19:23:37.879,Lose,1.0,0.0,1.0,Express,18,248.2368,Win,Prematch,1.35,0.05,0.0,0.0,ae07832c-4a3c-4fb7-b311-cbeff16a5fc6,False,Settled
573db991-a9f8-42d0-b372-0e9904c9cd16,2eda9ed9-78cf-4a11-871e-133be5da9fce,2022-03-15 14:48:40.932,2022-03-15 14:48:40.596,2022-03-15 19:23:37.879,Lose,1.0,0.0,1.0,Express,18,248.2368,Win,Prematch,1.44,0.07,0.0,0.0,4a604ac3-8085-40ed-9ac6-420c3f7e0ca0,False,Settled
a715b456-6eb1-46b2-9653-725c6b7e9cb0,ce217ae4-8844-4684-9acd-c7d3e0d4fe59,2022-03-15 14:51:44.340,2022-03-15 14:51:41.616,2022-03-15 16:48:56.251,Lose,1.0,0.0,1.0,Express,15,438.1136,Win,Prematch,1.41,0.05,0.0,0.0,da916672-d7b1-40d2-ab08-f1fa9a82760a,False,Settled
a715b456-6eb1-46b2-9653-725c6b7e9cb0,ce217ae4-8844-4684-9acd-c7d3e0d4fe59,2022-03-15 14:51:44.340,2022-03-15 14:51:41.616,2022-03-15 16:48:56.251,Lose,1.0,0.0,1.0,Express,15,438.1136,Lose,Prematch,1.75,0.1,0.0,0.25,da916672-d7b1-40d2-ab08-f1fa9a82760a,False,Settled
c1a50f8f-f37b-439e-9532-5b970c7e33de,f46730a7-e8d2-4ac2-8672-6dce622f3af1,2022-03-15 14:55:35.888,2022-03-15 14:55:35.661,2022-03-15 19:30:21.751,Lose,7.05,0.0,7.05,Express,19,731.7794,Return,Prematch,1.27,0.24,0.0,0.0,adae2136-ce88-4de7-a971-e30185667d17,False,Settled
c1a50f8f-f37b-439e-9532-5b970c7e33de,f46730a7-e8d2-4ac2-8672-6dce622f3af1,2022-03-15 14:55:35.888,2022-03-15 14:55:35.661,2022-03-15 19:30:21.751,Lose,7.05,0.0,7.05,Express,19,731.7794,Win,Prematch,1.55,0.48,0.0,0.0,da916672-d7b1-40d2-ab08-f1fa9a82760a,False,Settled
c1a50f8f-f37b-439e-9532-5b970c7e33de,f46730a7-e8d2-4ac2-8672-6dce622f3af1,2022-03-15 14:55:35.888,2022-03-15 14:55:35.661,2022-03-15 19:30:21.751,Lose,7.05,0.0,7.05,Express,19,731.7794,Lose,Prematch,1.38,0.33,0.0,1.15,adae2136-ce88-4de7-a971-e30185667d17,False,Settled
c1a50f8f-f37b-439e-9532-5b970c7e33de,f46730a7-e8d2-4ac2-8672-6dce622f3af1,2022-03-15 14:55:35.888,2022-03-15 14:55:35.661,2022-03-15 19:30:21.751,Lose,7.05,0.0,7.05,Express,19,731.7794,Lose,Prematch,1.65,0.57,0.0,1.18,da916672-d7b1-40d2-ab08-f1fa9a82760a,False,Settled
e0dc563f-71f6-49af-9ab0-dc48253a713f,ce4b9c7e-4af8-4f65-a84b-fa9e09b68394,2022-03-15 15:02:53.117,2022-03-15 15:02:52.918,2022-03-15 21:54:12.267,Lose,0.82,0.0,0.82,Express,2,6.095,Lose,Prematch,2.65,0.46,0.0,0.82,f6102282-2304-4916-8ec3-824a2ebc1462,False,Settled
e0dc563f-71f6-49af-9ab0-dc48253a713f,ce4b9c7e-4af8-4f65-a84b-fa9e09b68394,2022-03-15 15:02:53.117,2022-03-15 15:02:52.918,2022-03-15 21:54:12.267,Lose,0.82,0.0,0.82,Express,2,6.095,Win,Prematch,2.3,0.36,0.0,0.0,f6102282-2304-4916-8ec3-824a2ebc1462,False,Settled
b76bcb64-c516-4c2f-8c94-18476b7586c2,ce4b9c7e-4af8-4f65-a84b-fa9e09b68394,2022-03-15 15:03:07.322,2022-03-15 15:03:07.156,2022-03-15 21:45:11.911,Lose,0.86,0.0,0.86,Express,2,5.85,Win,Prematch,1.8,0.23,0.0,0.0,f6102282-2304-4916-8ec3-824a2ebc1462,False,Settled
b76bcb64-c516-4c2f-8c94-18476b7586c2,ce4b9c7e-4af8-4f65-a84b-fa9e09b68394,2022-03-15 15:03:07.322,2022-03-15 15:03:07.156,2022-03-15 21:45:11.911,Lose,0.86,0.0,0.86,Express,2,5.85,Lose,Prematch,3.25,0.63,0.0,0.86,f6102282-2304-4916-8ec3-824a2ebc1462,False,Settled
4a65ae35-c3b3-4f2f-b476-38a35fb51cb0,7a4c4523-4390-4bff-9d0c-17be0b82a231,2022-03-15 15:03:22.779,2022-03-15 15:03:22.615,2022-03-15 21:53:56.039,Lose,20.0,0.0,20.0,Express,6,30.0875,Win,Prematch,1.97,4.22,0.0,0.0,da916672-d7b1-40d2-ab08-f1fa9a82760a,False,Settled
4a65ae35-c3b3-4f2f-b476-38a35fb51cb0,7a4c4523-4390-4bff-9d0c-17be0b82a231,2022-03-15 15:03:22.779,2022-03-15 15:03:22.615,2022-03-15 21:53:56.039,Lose,20.0,0.0,20.0,Express,6,30.0875,Lose,Prematch,1.66,2.87,0.0,6.66,da916672-d7b1-40d2-ab08-f1fa9a82760a,False,Settled
d5da724e-0fe0-46af-af1b-c4b842e95c08,ce4b9c7e-4af8-4f65-a84b-fa9e09b68394,2022-03-15 15:03:29.554,2022-03-15 15:03:29.372,2022-03-15 21:42:12.943,Lose,0.72,0.0,0.72,Express,2,7.03,Win,Prematch,1.9,0.18,0.0,0.0,e765bf6f-2b4f-4f8d-8a16-25aa5a333085,False,Settled
d5da724e-0fe0-46af-af1b-c4b842e95c08,ce4b9c7e-4af8-4f65-a84b-fa9e09b68394,2022-03-15 15:03:29.554,2022-03-15 15:03:29.372,2022-03-15 21:42:12.943,Lose,0.72,0.0,0.72,Express,2,7.03,Lose,Prematch,3.7,0.54,0.0,0.72,e765bf6f-2b4f-4f8d-8a16-25aa5a333085,False,Settled
5975c75c-ef1d-4005-a60a-1128b3783a9f,ce4b9c7e-4af8-4f65-a84b-fa9e09b68394,2022-03-15 15:03:41.721,2022-03-15 15:03:41.556,2022-03-15 21:51:27.249,Lose,0.98,0.0,0.98,Express,2,5.125,Lose,Prematch,2.5,0.58,0.0,0.98,e765bf6f-2b4f-4f8d-8a16-25aa5a333085,False,Settled
5975c75c-ef1d-4005-a60a-1128b3783a9f,ce4b9c7e-4af8-4f65-a84b-fa9e09b68394,2022-03-15 15:03:41.721,2022-03-15 15:03:41.556,2022-03-15 21:51:27.249,Lose,0.98,0.0,0.98,Express,2,5.125,Win,Prematch,2.05,0.4,0.0,0.0,e765bf6f-2b4f-4f8d-8a16-25aa5a333085,False,Settled
350dbea3-c77e-4759-ba55-98e24e352554,ce4b9c7e-4af8-4f65-a84b-fa9e09b68394,2022-03-15 15:04:02.980,2022-03-15 15:04:02.815,2022-03-15 21:50:10.253,Lose,0.63,0.0,0.63,Express,2,8.008,Win,Prematch,1.82,0.12,0.0,0.0,356a3d53-c4a0-4f03-9b65-20039447b651,False,Settled
350dbea3-c77e-4759-ba55-98e24e352554,ce4b9c7e-4af8-4f65-a84b-fa9e09b68394,2022-03-15 15:04:02.980,2022-03-15 15:04:02.815,2022-03-15 21:50:10.253,Lose,0.63,0.0,0.63,Express,2,8.008,Lose,Prematch,4.4,0.51,0.0,0.63,356a3d53-c4a0-4f03-9b65-20039447b651,False,Settled
bc1dc561-3a07-4554-bf5d-d77067eeb4d4,ce4b9c7e-4af8-4f65-a84b-fa9e09b68394,2022-03-15 15:04:14.430,2022-03-15 15:04:14.280,2022-03-15 21:41:31.265,Lose,0.7,0.0,0.7,Express,2,7.176,Lose,Prematch,5.2,0.64,0.0,0.7,356a3d53-c4a0-4f03-9b65-20039447b651,False,Settled
bc1dc561-3a07-4554-bf5d-d77067eeb4d4,ce4b9c7e-4af8-4f65-a84b-fa9e09b68394,2022-03-15 15:04:14.430,2022-03-15 15:04:14.280,2022-03-15 21:41:31.265,Lose,0.7,0.0,0.7,Express,2,7.176,Win,Prematch,1.38,0.06,0.0,0.0,356a3d53-c4a0-4f03-9b65-20039447b651,False,Settled
5ef40853-d101-464d-bde3-da64dcba9f24,ce4b9c7e-4af8-4f65-a84b-fa9e09b68394,2022-03-15 15:04:40.817,2022-03-15 15:04:40.680,2022-03-15 21:35:31.390,Lose,0.53,0.0,0.53,Express,2,9.52,Lose,Prematch,1.4,0.03,0.0,0.53,ae07832c-4a3c-4fb7-b311-cbeff16a5fc6,False,Settled
5ef40853-d101-464d-bde3-da64dcba9f24,ce4b9c7e-4af8-4f65-a84b-fa9e09b68394,2022-03-15 15:04:40.817,2022-03-15 15:04:40.680,2022-03-15 21:35:31.390,Lose,0.53,0.0,0.53,Express,2,9.52,Win,Prematch,6.8,0.5,0.0,0.0,ae07832c-4a3c-4fb7-b311-cbeff16a5fc6,False,Settled
a17ac113-faca-44f7-ab97-72901232b614,ce4b9c7e-4af8-4f65-a84b-fa9e09b68394,2022-03-15 15:05:16.607,2022-03-15 15:05:16.500,2022-03-15 21:57:41.252,Lose,0.72,0.0,0.72,Express,2,7.03,Lose,Prematch,1.9,0.18,0.0,0.72,4a604ac3-8085-40ed-9ac6-420c3f7e0ca0,False,Settled
a17ac113-faca-44f7-ab97-72901232b614,ce4b9c7e-4af8-4f65-a84b-fa9e09b68394,2022-03-15 15:05:16.607,2022-03-15 15:05:16.500,2022-03-15 21:57:41.252,Lose,0.72,0.0,0.72,Express,2,7.03,Win,Prematch,3.7,0.54,0.0,0.0,4a604ac3-8085-40ed-9ac6-420c3f7e0ca0,False,Settled
3fa4a104-f447-4dc0-96a7-87b404b64d85,7a4c4523-4390-4bff-9d0c-17be0b82a231,2022-03-15 15:05:40.248,2022-03-15 15:05:40.042,2022-03-15 21:53:56.074,Lose,20.0,0.0,20.0,Express,6,88.1012,Lose,Prematch,1.78,2.29,0.0,4.0,140c44be-4037-4e3d-91e9-1b5b3c20182d,False,Settled
3fa4a104-f447-4dc0-96a7-87b404b64d85,7a4c4523-4390-4bff-9d0c-17be0b82a231,2022-03-15 15:05:40.248,2022-03-15 15:05:40.042,2022-03-15 21:53:56.074,Lose,20.0,0.0,20.0,Express,6,88.1012,Win,Prematch,1.78,2.29,0.0,0.0,140c44be-4037-4e3d-91e9-1b5b3c20182d,False,Settled
dd54b81b-384b-49f7-a58f-36d71124f43b,f46730a7-e8d2-4ac2-8672-6dce622f3af1,2022-03-15 15:22:40.681,2022-03-15 15:22:40.415,2022-03-15 19:30:21.746,Lose,2.58,0.0,2.58,Express,23,2000.0,Return,Prematch,1.27,0.06,0.0,0.0,adae2136-ce88-4de7-a971-e30185667d17,False,Settled
dd54b81b-384b-49f7-a58f-36d71124f43b,f46730a7-e8d2-4ac2-8672-6dce622f3af1,2022-03-15 15:22:40.681,2022-03-15 15:22:40.415,2022-03-15 19:30:21.746,Lose,2.58,0.0,2.58,Express,23,2000.0,Lose,Prematch,1.38,0.09,0.0,0.26,adae2136-ce88-4de7-a971-e30185667d17,False,Settled
dd54b81b-384b-49f7-a58f-36d71124f43b,f46730a7-e8d2-4ac2-8672-6dce622f3af1,2022-03-15 15:22:40.681,2022-03-15 15:22:40.415,2022-03-15 19:30:21.746,Lose,2.58,0.0,2.58,Express,23,2000.0,Win,Prematch,1.55,0.13,0.0,0.0,da916672-d7b1-40d2-ab08-f1fa9a82760a,False,Settled
dd54b81b-384b-49f7-a58f-36d71124f43b,f46730a7-e8d2-4ac2-8672-6dce622f3af1,2022-03-15 15:22:40.681,2022-03-15 15:22:40.415,2022-03-15 19:30:21.746,Lose,2.58,0.0,2.58,Express,23,2000.0,Lose,Prematch,1.35,0.08,0.0,0.29,da916672-d7b1-40d2-ab08-f1fa9a82760a,False,Settled
c692836d-7297-46ae-a22d-27203e7df257,35ceb8c3-932f-47f9-8b53-c7b0aacefc9b,2022-03-15 15:40:28.537,2022-03-15 15:40:25.784,2022-03-15 16:46:33.252,Lose,1.0,0.0,1.0,Express,16,10.3123,Return,Prematch,1.1,0.04,0.0,0.0,7e0566f5-d9b1-4771-a43e-ac01d5db9ff8,False,Settled
c692836d-7297-46ae-a22d-27203e7df257,35ceb8c3-932f-47f9-8b53-c7b0aacefc9b,2022-03-15 15:40:28.537,2022-03-15 15:40:25.784,2022-03-15 16:46:33.252,Lose,1.0,0.0,1.0,Express,16,10.3123,Win,Prematch,1.06,0.02,0.0,0.0,7e0566f5-d9b1-4771-a43e-ac01d5db9ff8,False,Settled
2586f897-9814-4af5-aefa-478be0ef6bda,ce4b9c7e-4af8-4f65-a84b-fa9e09b68394,2022-03-15 15:56:58.670,2022-03-15 15:56:58.538,2022-03-16 02:25:43.763,Lose,0.72,0.0,0.72,Express,2,6.975,Win,Prematch,1.55,0.1,0.0,0.0,140c44be-4037-4e3d-91e9-1b5b3c20182d,False,Settled
2586f897-9814-4af5-aefa-478be0ef6bda,ce4b9c7e-4af8-4f65-a84b-fa9e09b68394,2022-03-15 15:56:58.670,2022-03-15 15:56:58.538,2022-03-16 02:25:43.763,Lose,0.72,0.0,0.72,Express,2,6.975,Lose,Prematch,4.5,0.62,0.0,0.72,140c44be-4037-4e3d-91e9-1b5b3c20182d,False,Settled
20b87195-7336-4ad5-8e81-9d9ebc1fd806,ce4b9c7e-4af8-4f65-a84b-fa9e09b68394,2022-03-15 15:57:46.130,2022-03-15 15:57:46.012,2022-03-16 05:07:59.747,Lose,0.64,0.0,0.64,Express,2,7.81,Win,Prematch,1.42,0.05,0.0,0.0,88ec282b-f136-4542-99c5-b81a371bc64f,False,Settled
20b87195-7336-4ad5-8e81-9d9ebc1fd806,ce4b9c7e-4af8-4f65-a84b-fa9e09b68394,2022-03-15 15:57:46.130,2022-03-15 15:57:46.012,2022-03-16 05:07:59.747,Lose,0.64,0.0,0.64,Express,2,7.81,Lose,Prematch,5.5,0.59,0.0,0.64,88ec282b-f136-4542-99c5-b81a371bc64f,False,Settled
5b93b699-0e5d-4ffd-9544-c614f42ad89c,ce4b9c7e-4af8-4f65-a84b-fa9e09b68394,2022-03-15 15:58:00.335,2022-03-15 15:58:00.231,2022-03-16 05:06:18.798,Lose,0.51,0.0,0.51,Express,2,9.856,Lose,Prematch,7.7,0.49,0.0,0.51,88ec282b-f136-4542-99c5-b81a371bc64f,False,Settled
5b93b699-0e5d-4ffd-9544-c614f42ad89c,ce4b9c7e-4af8-4f65-a84b-fa9e09b68394,2022-03-15 15:58:00.335,2022-03-15 15:58:00.231,2022-03-16 05:06:18.798,Lose,0.51,0.0,0.51,Express,2,9.856,Win,Prematch,1.28,0.02,0.0,0.0,88ec282b-f136-4542-99c5-b81a371bc64f,False,Settled
974e4fce-a02a-4e81-9441-b59c06b51e68,fa82f7e6-f2ee-414a-9dc9-7d212d2033e6,2022-03-15 16:39:31.073,2022-03-15 16:39:30.782,2022-03-15 18:49:42.799,Lose,1.5,0.0,1.5,Express,9,12.9137,Win,Prematch,1.48,0.24,0.0,0.0,da916672-d7b1-40d2-ab08-f1fa9a82760a,False,Settled
974e4fce-a02a-4e81-9441-b59c06b51e68,fa82f7e6-f2ee-414a-9dc9-7d212d2033e6,2022-03-15 16:39:31.073,2022-03-15 16:39:30.782,2022-03-15 18:49:42.799,Lose,1.5,0.0,1.5,Express,9,12.9137,Win,Prematch,1.42,0.21,0.0,0.0,7e0566f5-d9b1-4771-a43e-ac01d5db9ff8,False,Settled
974e4fce-a02a-4e81-9441-b59c06b51e68,fa82f7e6-f2ee-414a-9dc9-7d212d2033e6,2022-03-15 16:39:31.073,2022-03-15 16:39:30.782,2022-03-15 18:49:42.799,Lose,1.5,0.0,1.5,Express,9,12.9137,Lose,Prematch,1.14,0.07,0.0,0.38,da916672-d7b1-40d2-ab08-f1fa9a82760a,False,Settled
974e4fce-a02a-4e81-9441-b59c06b51e68,fa82f7e6-f2ee-414a-9dc9-7d212d2033e6,2022-03-15 16:39:31.073,2022-03-15 16:39:30.782,2022-03-15 18:49:42.799,Lose,1.5,0.0,1.5,Express,9,12.9137,Lose,Prematch,1.55,0.27,0.0,0.38,7e0566f5-d9b1-4771-a43e-ac01d5db9ff8,False,Settled
70227db3-a555-408e-a839-92e9d21ca66b,b8b8454d-ffeb-4d9c-99ae-102153355d3a,2022-03-15 16:40:18.475,2022-03-15 16:40:18.226,2022-03-15 21:35:30.996,Lose,2.0,0.0,2.0,Express,12,96.748,Lose,Prematch,1.48,0.17,0.0,1.0,ae07832c-4a3c-4fb7-b311-cbeff16a5fc6,False,Settled
70227db3-a555-408e-a839-92e9d21ca66b,b8b8454d-ffeb-4d9c-99ae-102153355d3a,2022-03-15 16:40:18.475,2022-03-15 16:40:18.226,2022-03-15 21:35:30.996,Lose,2.0,0.0,2.0,Express,12,96.748,Lose,Prematch,2.06,0.37,0.0,1.0,4a604ac3-8085-40ed-9ac6-420c3f7e0ca0,False,Settled
70227db3-a555-408e-a839-92e9d21ca66b,b8b8454d-ffeb-4d9c-99ae-102153355d3a,2022-03-15 16:40:18.475,2022-03-15 16:40:18.226,2022-03-15 21:35:30.996,Lose,2.0,0.0,2.0,Express,12,96.748,Win,Prematch,1.26,0.09,0.0,0.0,4a604ac3-8085-40ed-9ac6-420c3f7e0ca0,False,Settled
70227db3-a555-408e-a839-92e9d21ca66b,b8b8454d-ffeb-4d9c-99ae-102153355d3a,2022-03-15 16:40:18.475,2022-03-15 16:40:18.226,2022-03-15 21:35:30.996,Lose,2.0,0.0,2.0,Express,12,96.748,Win,Prematch,1.3,0.1,0.0,0.0,ae07832c-4a3c-4fb7-b311-cbeff16a5fc6,False,Settled
63c1ff64-05f3-4687-bb03-c38e2a641237,fe11e869-e66b-4397-bc94-81dd70bd6c2e,2022-03-15 16:48:15.938,2022-03-15 16:48:15.658,2022-03-15 18:52:48.357,Lose,2.0,0.0,2.0,Express,10,26.6119,Lose,Prematch,1.35,0.18,0.0,0.67,da916672-d7b1-40d2-ab08-f1fa9a82760a,False,Settled
63c1ff64-05f3-4687-bb03-c38e2a641237,fe11e869-e66b-4397-bc94-81dd70bd6c2e,2022-03-15 16:48:15.938,2022-03-15 16:48:15.658,2022-03-15 18:52:48.357,Lose,2.0,0.0,2.0,Express,10,26.6119,Win,Prematch,1.5,0.24,0.0,0.0,7e0566f5-d9b1-4771-a43e-ac01d5db9ff8,False,Settled
63c1ff64-05f3-4687-bb03-c38e2a641237,fe11e869-e66b-4397-bc94-81dd70bd6c2e,2022-03-15 16:48:15.938,2022-03-15 16:48:15.658,2022-03-15 18:52:48.357,Lose,2.0,0.0,2.0,Express,10,26.6119,Win,Prematch,1.33,0.17,0.0,0.0,7e0566f5-d9b1-4771-a43e-ac01d5db9ff8,False,Settled
63c1ff64-05f3-4687-bb03-c38e2a641237,fe11e869-e66b-4397-bc94-81dd70bd6c2e,2022-03-15 16:48:15.938,2022-03-15 16:48:15.658,2022-03-15 18:52:48.357,Lose,2.0,0.0,2.0,Express,10,26.6119,Win,Prematch,1.44,0.23,0.0,0.0,da916672-d7b1-40d2-ab08-f1fa9a82760a,False,Settled
63c1ff64-05f3-4687-bb03-c38e2a641237,fe11e869-e66b-4397-bc94-81dd70bd6c2e,2022-03-15 16:48:15.938,2022-03-15 16:48:15.658,2022-03-15 18:52:48.357,Lose,2.0,0.0,2.0,Express,10,26.6119,Lose,Prematch,1.27,0.14,0.0,0.66,7e0566f5-d9b1-4771-a43e-ac01d5db9ff8,False,Settled
762e8744-ef5f-49c7-b3c4-897e5760550a,c90e5bd2-7320-4058-9efe-f0254078bf1b,2022-03-15 17:12:40.748,2022-03-15 17:12:40.403,2022-03-15 19:23:37.899,Lose,0.5,0.0,0.5,Express,16,544.4661,Win,Prematch,1.57,0.05,0.0,0.0,f6102282-2304-4916-8ec3-824a2ebc1462,False,Settled
762e8744-ef5f-49c7-b3c4-897e5760550a,c90e5bd2-7320-4058-9efe-f0254078bf1b,2022-03-15 17:12:40.748,2022-03-15 17:12:40.403,2022-03-15 19:23:37.899,Lose,0.5,0.0,0.5,Express,16,544.4661,Lose,Prematch,1.5,0.03,0.0,0.08,f6102282-2304-4916-8ec3-824a2ebc1462,False,Settled
0fee78e2-bb80-4579-8047-d59a583918b5,ce217ae4-8844-4684-9acd-c7d3e0d4fe59,2022-03-15 17:13:01.235,2022-03-15 17:12:55.306,2022-03-15 19:55:07.304,Lose,2.0,0.0,2.0,Express,15,394.7843,Lose,Prematch,1.75,0.2,0.0,0.4,da916672-d7b1-40d2-ab08-f1fa9a82760a,False,Settled
0fee78e2-bb80-4579-8047-d59a583918b5,ce217ae4-8844-4684-9acd-c7d3e0d4fe59,2022-03-15 17:13:01.235,2022-03-15 17:12:55.306,2022-03-15 19:55:07.304,Lose,2.0,0.0,2.0,Express,15,394.7843,Win,Prematch,1.57,0.15,0.0,0.0,da916672-d7b1-40d2-ab08-f1fa9a82760a,False,Settled
463347f9-b6e5-4f43-908b-05bc5c7c8397,8b400c9b-3905-4daa-a9ce-9831c7f2acc2,2022-03-15 17:43:47.711,2022-03-15 17:43:47.523,2022-03-15 21:54:01.974,Lose,3.0,0.0,3.0,Express,4,9.8871,Return,Prematch,1.75,0.73,0.0,0.0,7e0566f5-d9b1-4771-a43e-ac01d5db9ff8,False,Settled
463347f9-b6e5-4f43-908b-05bc5c7c8397,8b400c9b-3905-4daa-a9ce-9831c7f2acc2,2022-03-15 17:43:47.711,2022-03-15 17:43:47.523,2022-03-15 21:54:01.974,Lose,3.0,0.0,3.0,Express,4,9.8871,Lose,Prematch,1.89,0.86,0.0,1.0,7e0566f5-d9b1-4771-a43e-ac01d5db9ff8,False,Settled
ddac2c43-154d-4194-a566-57106e216046,76fa66f8-18bf-4245-a8c9-97479fb49e03,2022-03-15 17:49:32.376,2022-03-15 17:49:32.105,2022-03-15 21:53:56.123,Lose,2.0,0.0,2.0,Express,6,8.002,Lose,Prematch,1.37,0.3,0.0,0.66,da916672-d7b1-40d2-ab08-f1fa9a82760a,False,Settled
ddac2c43-154d-4194-a566-57106e216046,76fa66f8-18bf-4245-a8c9-97479fb49e03,2022-03-15 17:49:32.376,2022-03-15 17:49:32.105,2022-03-15 21:53:56.123,Lose,2.0,0.0,2.0,Express,6,8.002,Win,Prematch,1.5,0.4,0.0,0.0,da916672-d7b1-40d2-ab08-f1fa9a82760a,False,Settled
d2f81f85-b937-4ea1-a263-990e5b94f450,fe11e869-e66b-4397-bc94-81dd70bd6c2e,2022-03-15 17:58:12.851,2022-03-15 17:58:12.579,2022-03-15 21:39:45.756,Lose,1.0,0.0,1.0,Express,27,362.5788,Lose,Prematch,1.22,0.03,0.0,0.14,356a3d53-c4a0-4f03-9b65-20039447b651,False,Settled
d2f81f85-b937-4ea1-a263-990e5b94f450,fe11e869-e66b-4397-bc94-81dd70bd6c2e,2022-03-15 17:58:12.851,2022-03-15 17:58:12.579,2022-03-15 21:39:45.756,Lose,1.0,0.0,1.0,Express,27,362.5788,Win,Prematch,1.18,0.03,0.0,0.0,356a3d53-c4a0-4f03-9b65-20039447b651,False,Settled
ba51c473-a29a-4596-b384-8029017d2fee,3c376095-a428-420b-9f51-37aff9918ac1,2022-03-15 18:02:14.648,2022-03-15 18:02:14.391,2022-03-15 21:42:12.897,Lose,0.2,0.0,0.2,Express,13,447.192,Win,Prematch,1.7,0.02,0.0,0.0,da916672-d7b1-40d2-ab08-f1fa9a82760a,False,Settled
ba51c473-a29a-4596-b384-8029017d2fee,3c376095-a428-420b-9f51-37aff9918ac1,2022-03-15 18:02:14.648,2022-03-15 18:02:14.391,2022-03-15 21:42:12.897,Lose,0.2,0.0,0.2,Express,13,447.192,Lose,Prematch,1.35,0.0,0.0,0.02,da916672-d7b1-40d2-ab08-f1fa9a82760a,False,Settled
ba51c473-a29a-4596-b384-8029017d2fee,3c376095-a428-420b-9f51-37aff9918ac1,2022-03-15 18:02:14.648,2022-03-15 18:02:14.391,2022-03-15 21:42:12.897,Lose,0.2,0.0,0.2,Express,13,447.192,Lose,Prematch,2.23,0.03,0.0,0.03,7e0566f5-d9b1-4771-a43e-ac01d5db9ff8,False,Settled
ba51c473-a29a-4596-b384-8029017d2fee,3c376095-a428-420b-9f51-37aff9918ac1,2022-03-15 18:02:14.648,2022-03-15 18:02:14.391,2022-03-15 21:42:12.897,Lose,0.2,0.0,0.2,Express,13,447.192,Win,Prematch,1.36,0.01,0.0,0.0,7e0566f5-d9b1-4771-a43e-ac01d5db9ff8,False,Settled
e09fc60b-dbac-4121-b4c6-0acc0d492809,f46730a7-e8d2-4ac2-8672-6dce622f3af1,2022-03-15 18:21:10.084,2022-03-15 18:21:09.753,2022-03-15 21:35:30.051,Lose,10.0,0.0,10.0,Express,20,1736.8433,Lose,Prematch,1.12,0.13,0.0,1.25,da916672-d7b1-40d2-ab08-f1fa9a82760a,False,Settled
e09fc60b-dbac-4121-b4c6-0acc0d492809,f46730a7-e8d2-4ac2-8672-6dce622f3af1,2022-03-15 18:21:10.084,2022-03-15 18:21:09.753,2022-03-15 21:35:30.051,Lose,10.0,0.0,10.0,Express,20,1736.8433,Win,Prematch,1.4,0.44,0.0,0.0,da916672-d7b1-40d2-ab08-f1fa9a82760a,False,Settled
b79a56ca-77b8-41a6-94e0-fe5d80705ad4,db89f205-89f5-4823-b0e8-6d64e74a4be9,2022-03-15 18:48:44.009,2022-03-15 18:48:43.774,2022-03-15 22:04:30.243,Lose,12.0,0.0,12.0,Express,5,88.0782,Lose,Prematch,3.25,3.56,0.0,3.0,7e0566f5-d9b1-4771-a43e-ac01d5db9ff8,False,Settled
b79a56ca-77b8-41a6-94e0-fe5d80705ad4,db89f205-89f5-4823-b0e8-6d64e74a4be9,2022-03-15 18:48:44.009,2022-03-15 18:48:43.774,2022-03-15 22:04:30.243,Lose,12.0,0.0,12.0,Express,5,88.0782,Lose,Prematch,1.87,1.37,0.0,3.0,7e0566f5-d9b1-4771-a43e-ac01d5db9ff8,False,Settled
b79a56ca-77b8-41a6-94e0-fe5d80705ad4,db89f205-89f5-4823-b0e8-6d64e74a4be9,2022-03-15 18:48:44.009,2022-03-15 18:48:43.774,2022-03-15 22:04:30.243,Lose,12.0,0.0,12.0,Express,5,88.0782,Win,Prematch,1.87,1.38,0.0,0.0,7e0566f5-d9b1-4771-a43e-ac01d5db9ff8,False,Settled
8bf0501a-1da0-4b58-aa48-1e8991ddf811,db89f205-89f5-4823-b0e8-6d64e74a4be9,2022-03-15 18:54:34.082,2022-03-15 18:54:33.912,2022-03-15 22:00:03.221,Lose,52.0,0.0,52.0,Express,5,19.4875,Win,Prematch,1.87,11.01,0.0,0.0,7e0566f5-d9b1-4771-a43e-ac01d5db9ff8,False,Settled
8bf0501a-1da0-4b58-aa48-1e8991ddf811,db89f205-89f5-4823-b0e8-6d64e74a4be9,2022-03-15 18:54:34.082,2022-03-15 18:54:33.912,2022-03-15 22:00:03.221,Lose,52.0,0.0,52.0,Express,5,19.4875,Lose,Prematch,1.87,11.01,0.0,13.0,7e0566f5-d9b1-4771-a43e-ac01d5db9ff8,False,Settled
8bf0501a-1da0-4b58-aa48-1e8991ddf811,db89f205-89f5-4823-b0e8-6d64e74a4be9,2022-03-15 18:54:34.082,2022-03-15 18:54:33.912,2022-03-15 22:00:03.221,Lose,52.0,0.0,52.0,Express,5,19.4875,Lose,Prematch,1.6,7.59,0.0,13.0,7e0566f5-d9b1-4771-a43e-ac01d5db9ff8,False,Settled
13b03c38-e247-4e5c-b0f2-d34c435ab7d3,af83fdca-2e5d-4f93-8a15-e7f5218875a3,2022-03-15 18:55:45.888,2022-03-15 18:55:45.684,2022-03-15 21:35:32.007,Lose,1.0,0.0,1.0,Express,14,78.9428,Lose,Prematch,1.39,0.07,0.0,0.2,7e0566f5-d9b1-4771-a43e-ac01d5db9ff8,False,Settled
13b03c38-e247-4e5c-b0f2-d34c435ab7d3,af83fdca-2e5d-4f93-8a15-e7f5218875a3,2022-03-15 18:55:45.888,2022-03-15 18:55:45.684,2022-03-15 21:35:32.007,Lose,1.0,0.0,1.0,Express,14,78.9428,Win,Prematch,1.3,0.06,0.0,0.0,7e0566f5-d9b1-4771-a43e-ac01d5db9ff8,False,Settled
13b03c38-e247-4e5c-b0f2-d34c435ab7d3,af83fdca-2e5d-4f93-8a15-e7f5218875a3,2022-03-15 18:55:45.888,2022-03-15 18:55:45.684,2022-03-15 21:35:32.007,Lose,1.0,0.0,1.0,Express,14,78.9428,Lose,Prematch,1.5,0.1,0.0,0.2,da916672-d7b1-40d2-ab08-f1fa9a82760a,False,Settled
13b03c38-e247-4e5c-b0f2-d34c435ab7d3,af83fdca-2e5d-4f93-8a15-e7f5218875a3,2022-03-15 18:55:45.888,2022-03-15 18:55:45.684,2022-03-15 21:35:32.007,Lose,1.0,0.0,1.0,Express,14,78.9428,Win,Prematch,1.25,0.05,0.0,0.0,da916672-d7b1-40d2-ab08-f1fa9a82760a,False,Settled
dc95aeca-6796-4f1e-a637-8ca40a6ffb4c,db89f205-89f5-4823-b0e8-6d64e74a4be9,2022-03-15 18:59:02.609,2022-03-15 18:59:02.421,2022-03-15 21:50:51.241,Lose,28.0,0.0,28.0,Express,4,36.4375,Win,Prematch,2.75,8.3,0.0,0.0,7e0566f5-d9b1-4771-a43e-ac01d5db9ff8,False,Settled
dc95aeca-6796-4f1e-a637-8ca40a6ffb4c,db89f205-89f5-4823-b0e8-6d64e74a4be9,2022-03-15 18:59:02.609,2022-03-15 18:59:02.421,2022-03-15 21:50:51.241,Lose,28.0,0.0,28.0,Express,4,36.4375,Lose,Prematch,2.65,7.83,0.0,14.0,da916672-d7b1-40d2-ab08-f1fa9a82760a,False,Settled
dc95aeca-6796-4f1e-a637-8ca40a6ffb4c,db89f205-89f5-4823-b0e8-6d64e74a4be9,2022-03-15 18:59:02.609,2022-03-15 18:59:02.421,2022-03-15 21:50:51.241,Lose,28.0,0.0,28.0,Express,4,36.4375,Lose,Prematch,2.5,7.12,0.0,14.0,7e0566f5-d9b1-4771-a43e-ac01d5db9ff8,False,Settled
dc95aeca-6796-4f1e-a637-8ca40a6ffb4c,db89f205-89f5-4823-b0e8-6d64e74a4be9,2022-03-15 18:59:02.609,2022-03-15 18:59:02.421,2022-03-15 21:50:51.241,Lose,28.0,0.0,28.0,Express,4,36.4375,Win,Prematch,2.0,4.75,0.0,0.0,da916672-d7b1-40d2-ab08-f1fa9a82760a,False,Settled
36714571-253e-437f-b257-01fe85eb89ab,db89f205-89f5-4823-b0e8-6d64e74a4be9,2022-03-15 19:22:31.587,2022-03-15 19:22:31.392,2022-03-15 22:02:16.765,Lose,20.0,0.0,20.0,Express,7,64.36,Win,Prematch,1.87,3.05,0.0,0.0,7e0566f5-d9b1-4771-a43e-ac01d5db9ff8,False,Settled
36714571-253e-437f-b257-01fe85eb89ab,db89f205-89f5-4823-b0e8-6d64e74a4be9,2022-03-15 19:22:31.587,2022-03-15 19:22:31.392,2022-03-15 22:02:16.765,Lose,20.0,0.0,20.0,Express,7,64.36,Lose,Prematch,1.87,3.05,0.0,4.0,7e0566f5-d9b1-4771-a43e-ac01d5db9ff8,False,Settled
c6daf933-8dc1-4bc3-9ade-a13300572d5f,ec6c67df-51c8-4be4-8889-a68b0cad593a,2022-03-15 19:26:21.262,2022-03-15 19:26:21.146,2022-03-15 22:17:17.257,Win,3.0,8.41,-5.41,Express,3,3.4514,Return,Prematch,1.23,0.39,0.0,0.0,da916672-d7b1-40d2-ab08-f1fa9a82760a,False,Settled
c6daf933-8dc1-4bc3-9ade-a13300572d5f,ec6c67df-51c8-4be4-8889-a68b0cad593a,2022-03-15 19:26:21.262,2022-03-15 19:26:21.146,2022-03-15 22:17:17.257,Win,3.0,8.41,-5.41,Express,3,3.4514,Win,Prematch,1.22,0.38,1.22,-0.78,da916672-d7b1-40d2-ab08-f1fa9a82760a,False,Settled
c6daf933-8dc1-4bc3-9ade-a13300572d5f,ec6c67df-51c8-4be4-8889-a68b0cad593a,2022-03-15 19:26:21.262,2022-03-15 19:26:21.146,2022-03-15 22:17:17.257,Win,3.0,8.41,-5.41,Express,3,3.4514,Win,Prematch,2.3,2.23,7.19,-4.63,da916672-d7b1-40d2-ab08-f1fa9a82760a,False,Settled
931c1549-4f63-4205-af04-e5f9f4ffe2a6,4484d179-cd6e-4713-b5ce-7fe76dd8ffe5,2022-03-15 19:48:21.889,2022-03-15 19:48:16.182,2022-03-15 20:48:42.761,Lose,10.0,0.0,10.0,Express,4,8.4487,Lose,Prematch,1.67,2.37,0.0,3.34,7e0566f5-d9b1-4771-a43e-ac01d5db9ff8,False,Settled
931c1549-4f63-4205-af04-e5f9f4ffe2a6,4484d179-cd6e-4713-b5ce-7fe76dd8ffe5,2022-03-15 19:48:21.889,2022-03-15 19:48:16.182,2022-03-15 20:48:42.761,Lose,10.0,0.0,10.0,Express,4,8.4487,Win,Prematch,1.62,2.19,0.0,0.0,7e0566f5-d9b1-4771-a43e-ac01d5db9ff8,False,Settled
193a295c-0257-4509-9e80-fa8e83419ae0,ec6c67df-51c8-4be4-8889-a68b0cad593a,2022-03-15 19:51:36.301,2022-03-15 19:51:36.147,2022-03-15 22:05:35.759,Lose,2.0,0.0,2.0,Express,2,4.73,Win,Prematch,2.15,0.98,0.0,0.0,7e0566f5-d9b1-4771-a43e-ac01d5db9ff8,False,Settled
193a295c-0257-4509-9e80-fa8e83419ae0,ec6c67df-51c8-4be4-8889-a68b0cad593a,2022-03-15 19:51:36.301,2022-03-15 19:51:36.147,2022-03-15 22:05:35.759,Lose,2.0,0.0,2.0,Express,2,4.73,Lose,Prematch,2.2,1.02,0.0,2.0,7e0566f5-d9b1-4771-a43e-ac01d5db9ff8,False,Settled
ffed40ac-c866-4f3c-803b-e9eddd51c039,ec6c67df-51c8-4be4-8889-a68b0cad593a,2022-03-15 19:54:18.729,2022-03-15 19:54:18.512,2022-03-15 21:58:26.851,Lose,1.5,0.0,1.5,Express,3,8.3655,Lose,Prematch,1.95,0.46,0.0,1.5,4a604ac3-8085-40ed-9ac6-420c3f7e0ca0,False,Settled
ffed40ac-c866-4f3c-803b-e9eddd51c039,ec6c67df-51c8-4be4-8889-a68b0cad593a,2022-03-15 19:54:18.729,2022-03-15 19:54:18.512,2022-03-15 21:58:26.851,Lose,1.5,0.0,1.5,Express,3,8.3655,Win,Prematch,2.2,0.58,0.0,0.0,4a604ac3-8085-40ed-9ac6-420c3f7e0ca0,False,Settled
ffed40ac-c866-4f3c-803b-e9eddd51c039,ec6c67df-51c8-4be4-8889-a68b0cad593a,2022-03-15 19:54:18.729,2022-03-15 19:54:18.512,2022-03-15 21:58:26.851,Lose,1.5,0.0,1.5,Express,3,8.3655,Win,Prematch,1.95,0.46,0.0,0.0,4a604ac3-8085-40ed-9ac6-420c3f7e0ca0,False,Settled
16887928-e431-4f29-a486-af4e353d5350,e11681ac-f984-42a3-bea8-978e98368ba4,2022-03-15 20:04:37.005,2022-03-15 20:04:34.297,2022-03-15 21:53:55.835,Lose,1.0,0.0,1.0,Express,4,6.2073,Win,Live,1.42,0.18,0.0,0.0,da916672-d7b1-40d2-ab08-f1fa9a82760a,False,Settled
16887928-e431-4f29-a486-af4e353d5350,e11681ac-f984-42a3-bea8-978e98368ba4,2022-03-15 20:04:37.005,2022-03-15 20:04:34.297,2022-03-15 21:53:55.835,Lose,1.0,0.0,1.0,Express,4,6.2073,Lose,Live,2.08,0.45,0.0,0.33,da916672-d7b1-40d2-ab08-f1fa9a82760a,False,Settled
6b3410b5-ad9b-470f-ab94-86f5445cbde7,3c376095-a428-420b-9f51-37aff9918ac1,2022-03-15 20:27:23.552,2022-03-15 20:27:17.852,2022-03-15 21:53:15.586,Lose,0.2,0.0,0.2,Express,6,382.5828,Lose,Live,2.5,0.03,0.0,0.07,da916672-d7b1-40d2-ab08-f1fa9a82760a,False,Settled
6b3410b5-ad9b-470f-ab94-86f5445cbde7,3c376095-a428-420b-9f51-37aff9918ac1,2022-03-15 20:27:23.552,2022-03-15 20:27:17.852,2022-03-15 21:53:15.586,Lose,0.2,0.0,0.2,Express,6,382.5828,Win,Live,1.87,0.02,0.0,0.0,da916672-d7b1-40d2-ab08-f1fa9a82760a,False,Settled
6417f3f5-6269-4f8a-b705-e9b8c543e86a,c90e5bd2-7320-4058-9efe-f0254078bf1b,2022-03-15 21:40:59.720,2022-03-15 21:40:56.970,2022-03-15 21:59:50.870,Lose,1.0,0.0,1.0,Express,2,2.25,Lose,Live,1.8,0.76,0.0,1.0,da916672-d7b1-40d2-ab08-f1fa9a82760a,False,Settled
6417f3f5-6269-4f8a-b705-e9b8c543e86a,c90e5bd2-7320-4058-9efe-f0254078bf1b,2022-03-15 21:40:59.720,2022-03-15 21:40:56.970,2022-03-15 21:59:50.870,Lose,1.0,0.0,1.0,Express,2,2.25,Win,Live,1.25,0.24,0.0,0.0,da916672-d7b1-40d2-ab08-f1fa9a82760a,False,Settled
293df870-e63f-45cc-8c7e-414b7c0940ef,3c376095-a428-420b-9f51-37aff9918ac1,2022-03-15 21:57:52.602,2022-03-15 21:57:52.415,2022-03-16 21:22:39.978,Lose,0.2,0.0,0.2,Express,10,1765.0785,Win,Prematch,4.2,0.05,0.0,0.0,845f5dc5-0db3-4c06-9346-143b1d3acb7e,False,Settled
293df870-e63f-45cc-8c7e-414b7c0940ef,3c376095-a428-420b-9f51-37aff9918ac1,2022-03-15 21:57:52.602,2022-03-15 21:57:52.415,2022-03-16 21:22:39.978,Lose,0.2,0.0,0.2,Express,10,1765.0785,Win,Prematch,2.31,0.04,0.0,0.0,7a810be4-3bbe-4c27-82e5-fac5e2e7829f,False,Settled
293df870-e63f-45cc-8c7e-414b7c0940ef,3c376095-a428-420b-9f51-37aff9918ac1,2022-03-15 21:57:52.602,2022-03-15 21:57:52.415,2022-03-16 21:22:39.978,Lose,0.2,0.0,0.2,Express,10,1765.0785,Win,Prematch,1.91,0.01,0.0,0.0,ceee3e0f-59a7-4c7f-81f4-6a21e6ae19ce,False,Settled
293df870-e63f-45cc-8c7e-414b7c0940ef,3c376095-a428-420b-9f51-37aff9918ac1,2022-03-15 21:57:52.602,2022-03-15 21:57:52.415,2022-03-16 21:22:39.978,Lose,0.2,0.0,0.2,Express,10,1765.0785,Lose,Prematch,1.48,0.01,0.0,0.06,845f5dc5-0db3-4c06-9346-143b1d3acb7e,False,Settled
293df870-e63f-45cc-8c7e-414b7c0940ef,3c376095-a428-420b-9f51-37aff9918ac1,2022-03-15 21:57:52.602,2022-03-15 21:57:52.415,2022-03-16 21:22:39.978,Lose,0.2,0.0,0.2,Express,10,1765.0785,Lose,Prematch,2.3,0.02,0.0,0.07,ceee3e0f-59a7-4c7f-81f4-6a21e6ae19ce,False,Settled
293df870-e63f-45cc-8c7e-414b7c0940ef,3c376095-a428-420b-9f51-37aff9918ac1,2022-03-15 21:57:52.602,2022-03-15 21:57:52.415,2022-03-16 21:22:39.978,Lose,0.2,0.0,0.2,Express,10,1765.0785,Lose,Prematch,1.57,0.01,0.0,0.07,7a810be4-3bbe-4c27-82e5-fac5e2e7829f,False,Settled
